survey_id,dimension,variable,status,pct_valid,question_text,note
cecd_charte_2013_10,secularism,pc1,à valider,92.1,"PC1. Le gouvernement du Parti Québécois de Pauline Marois vient de déposer un projet de Charte des valeurs québécoises. De façon générale, vous-même, ",appui à la Charte des valeurs
cecd_sante_can_usa,equal_rights,Q73,ok,100.0,Please indicate whether you agree or disagree with the following statement: / We have gone too far in pushing equal rights in this country.,
cecd_sante_can_usa,ideology,Q69,ok,49.9,In politics people sometimes talk of being on the left or the right. Where would you place yourself on the scale below? / (Left=0 to Right=5),échelle 0–5 au lieu de 0–10
cecd_sante_can_usa,partisanship,Q67,ok,49.9,"Generally speaking, do you usually think of yourself as a Liberal, Conservative, New Democrat, Bloquist, or what?",
ces_2019_online,canada_us,pes19_tieus,ok,13.6,Do you think Canada's ties with the United States should be...,
ces_2019_online,equal_rights,pes19_equalrights,ok,13.7,We have gone too far in pushing equal rights in this country.,
ces_2019_online,ideology,cps19_lr_scale_bef_1,ok,,,
ces_2019_online,language_identity,pes19_bilingualism,ok,13.7,We have gone too far in pushing bilingualism in Canada.,
ces_2019_online,moral_traditionalism,pes19_famvalues,ok,27.3,This country would have many fewer problems if there was more emphasis on traditional family values.,
ces_2019_online,partisanship,cps19_fed_id,ok,100.0,"In federal politics, do you usually think of yourself as a:",
ces_2019_online,redistribution,pes19_gap,ok,27.3,How much do you think should be done to reduce the gap between the rich and the poor in Canada?,
ces_2019_online,social_trust,pes19_trust,ok,27.3,"Generally speaking would you say that most people can be trusted, or that you need to be very careful when dealing with people?",
ces_2019_phone,canada_us,p43,ok,71.8,Do you think Canada's ties with the United States should be ...,
ces_2019_phone,ideology,p42,ok,71.8,Where would you place yourself on this scale? Repeat if needed: using a scale from 0 to 10 where 0 means the left and 10 means the right ...,
ces_2019_phone,partisanship,q52,ok,100.0,"(if Quebec) In federal politics, do you usually think of yourself as a Liberal, Conservative, N.D.P, Bloc Québécois, Green Party, or none of these? (i",
ces_2019_phone,redistribution,p44,ok,71.8,How much do you think should be done to reduce the gap between the rich and the poor in Canada? Would you say …,
ces_2021,canada_us,pes21_tieus,ok,71.9,Do you think Canada's ties with the United States should be...,
ces_2021,equal_rights,pes21_equalrights,ok,71.9,We have gone too far in pushing equal rights in this country.,
ces_2021,ideology,cps21_lr_scale_bef_1,ok,,,
ces_2021,language_identity,pes21_bilingualism,ok,71.9,We have gone too far in pushing bilingualism in Canada.,
ces_2021,moral_traditionalism,pes21_famvalues,ok,71.9,This country would have many fewer problems if there was more emphasis on traditional family values.,
ces_2021,partisanship,cps21_fed_id,ok,100.0,"In federal politics, do you usually think of yourself as a:",
ces_2021,redistribution,pes21_gap,ok,71.9,How much do you think should be done to reduce the gap between the rich and the poor in Canada?,
ces_2021,social_trust,pes21_trust,ok,71.9,"Generally speaking would you say that most people can be trusted, or that you need to be very careful when dealing with people?",
dc_2019,canada_us,ties_us,ok,48.9,"Do you think Canada's ties with the United States should be much closer, somewha",
dc_2019,equal_rights,pos_equal_rights,ok,100.0,How much do you agree or disagree with the following statement?  We have gone to,
dc_2019,language_identity,pos_bilingualism,ok,100.0,How much do you agree or disagree with the following statement?  We have gone to,
dc_2019,moral_traditionalism,pos_family_values,ok,100.0,How much do you agree or disagree with the following statement?  This country wo,
dc_2019,partisanship,party_id,ok,100.0,"In federal politics, do you usually think of yourself as a:",
dc_2019,redistribution,inequality_gap,ok,100.0,How much do you think should be done to reduce the gap between the rich and the,
dc_2019,social_trust,trust2,ok,49.6,"Generally speaking would you say that most people can be trusted, or, that you n",
dc_2020,canada_us,dc20_ties_us,ok,100.0,Canadas ties with US should be strengthened,
dc_2020,equal_rights,dc20_pos_equal_1,ok,100.0,We have gone too far in pushing equal rights in this country.,
dc_2020,ideology,dc20_lr_self_1,ok,14.8,Place yourself on political spectrum,posé à 15 % seulement
dc_2020,language_identity,dc20_pos_bilingualis,ok,50.0,We have gone too far in pushing bilingualism in Canada.,
dc_2020,moral_traditionalism,dc20_pos_family_val,ok,100.0,Fewer problems in country with a focus on tradition,
dc_2020,partisanship,dc20_party_id,ok,100.0,Federal political leaning,
dc_2020,redistribution,dc20_inequality_gap,ok,100.0,Wealth gap,
dc_2020,secularism,dc20_pos_relig_sym,ok,50.0,There should be restrictions on religious symbols in public life.,
dc_2020,social_trust,dc20_trust2,ok,100.0,Generally speaking would you say that most people can be trusted or need to be c,
dc_2021,canada_us,dc21_ties_us,ok,99.9,Do you think Canada's ties with the United States should be...,
dc_2021,equal_rights,dc21_pos_equal_1,ok,72.1,We have gone too far in pushing equal rights in this country.,
dc_2021,language_identity,dc21_pos_bilingualis,ok,49.7,We have gone too far in pushing bilingualism in Canada.,
dc_2021,moral_traditionalism,dc21_pos_family_val,ok,99.9,This country would have many fewer problems if there was more emphasis on tradit,
dc_2021,partisanship,dc21_party_id,ok,99.9,"In federal politics, do you usually think of yourself as a...",
dc_2021,redistribution,dc21_inequality_gap,ok,100.0,How much do you think should be done to reduce the gap between the rich and poor,
dc_2021,secularism,dc21_pos_relig_sym,ok,49.7,There should be restrictions on religious symbols in public life.,
dc_2021,social_trust,dc21_trust2,ok,99.9,Trust in others,
dc_2022,canada_us,dc22_ties_us,ok,100.0,Do you think Canada's ties with the United States should be...,
dc_2022,equal_rights,dc22_pos_equal_1,ok,100.0,We have gone too far in pushing equal rights in this country.,
dc_2022,ideology,dc22_lr_self_1,ok,98.2,"In politics, people sometimes talk of left and right. Where would you place your",
dc_2022,language_identity,dc22_pos_bilingualis,ok,99.4,We have gone too far in pushing bilingualism in Canada.,
dc_2022,moral_traditionalism,dc22_pos_family_val,ok,99.9,This country would have many fewer problems if there was more emphasis on tradit,
dc_2022,partisanship,dc22_party_id,ok,100.0,"In federal politics, do you usually think of yourself as a:",
dc_2022,redistribution,dc22_inequality_gap,ok,100.0,How much do you think should be done to reduce the gap between the rich and the,
dc_2022,secularism,dc22_pos_relig_sym,ok,99.4,There should be restrictions on religious symbols in public life.,
dc_2022,social_trust,dc22_trust2,ok,99.9,"Generally speaking would you say that most people can be trusted, or, that you n",
dc_2023,canada_us,dc23_ties_us,ok,99.9,How close do you think Canada,
dc_2023,equal_rights,dc23_pos_equal_1,ok,100.0,Do you agree or disagree that we have gone too far in pushing equal rights in th,
dc_2023,ideology,dc23_lr_self_1,ok,98.3,Where would you place yourself on the political scale?,
dc_2023,language_identity,dc23_pos_bilingualis,ok,57.3,Do you agree or disagree that we have gone too far in pushing bilingualism in Ca,
dc_2023,moral_traditionalism,dc23_pos_family_val,ok,99.9,Do you agree or disagree that we would have fewer problems if there was more emp,
dc_2023,partisanship,dc23_party_id,ok,100.0,"In federal politics, do you usually think of yourself as a: [Selected Choice]",
dc_2023,redistribution,dc23_inequality_gap,ok,99.9,How much do you think should be done to reduce the gap between the rich and the,
dc_2023,secularism,dc23_pos_relig_sym,ok,57.3,Do you agree or disagree that there should be restrictions on religious symbols,
dc_2023,social_trust,dc23_trust2,ok,100.0,Are most people trustworthy or not? [Selected Choice],
dc_2024,canada_us,dc24_ties_us,ok,99.9,Do you think Canada's ties with the United States should be...,
dc_2024,equal_rights,dc24_pos_equal_1,ok,100.0,We have gone too far in pushing equal rights in this country.,
dc_2024,ideology,dc24_lr_self_1,ok,98.4,"In politics, people sometimes talk of left and right. Where would you place your",
dc_2024,language_identity,dc24_pos_bilingualis,ok,100.0,We have gone too far in pushing bilingualism in Canada.,
dc_2024,moral_traditionalism,dc24_pos_family_val,ok,100.0,This country would have many fewer problems if there was more emphasis on tradit,
dc_2024,partisanship,dc24_party_id,ok,100.0,"In federal politics, do you usually think of yourself as a:",
dc_2024,redistribution,dc24_inequality_gap,ok,100.0,How much do you think should be done to reduce the gap between the rich and the,
dc_2024,secularism,dc24_pos_relig_sym,ok,100.0,There should be restrictions on religious symbols in public life.,
dc_2024,social_trust,dc24_trust2,ok,99.9,"Generally speaking would you say that most people can be trusted, or, that you n",
eeq_2007,partisanship,q73,à valider,100.0,De quel parti ?,« De quel parti ? » : suite d’une question d’identification ?
eeq_2008,partisanship,q70,ok,100.0,"En politique provinciale, habituellement est-ce que vous vous identifiez au / à...?",identification provinciale
eeq_2012,partisanship,Q94,ok,100.0,"En politique fédérale, vous considérez-vous habituellement comme un...? (ROTATION DES CHOIX)",
eeq_2012,social_trust,Q72,ok,100.0,Diriez-vous que l'on peut faire confiance à la plupart des gens ou qu'on n'est jamais trop prudent dans nos relations avec les autres?,
eeq_2014,partisanship,Q55,ok,100.0,"En politique provinciale , vous considérez-vous habituellement comme un…?",identification provinciale
eeq_2014,secularism,Q44A,à valider,50.2,"Concernant le projet de charte de la laïcité proposée par le gouvernement l'automne dernier, diriez-vous que vous êtes fortement d'accord avec cette c",appui à la charte de la laïcité
eeq_2014,social_trust,Q33,ok,100.0,Diriez-vous que l'on peut faire confiance à la plupart des gens ou qu'on n'est jamais trop prudent dans nos relations avec les autres?,
eeq_2018,moral_traditionalism,q38_5,à valider,100.0,Veuillez indiquer si vous êtes d’accord ou en désaccord avec cet énoncé : Le Québec devrait accorder plus d'importance aux traditions et aux valeurs m,« plus d’importance aux traditions et valeurs morales »
eeq_2018,redistribution,q18,ok,100.0,"Diriez-vous que le gouvernement du Québec devrait en faire plus, en faire autant ou en faire moins pour réduire l’écart entre les riches et les pauvre",version gouvernement du Québec
eeq_2018,secularism,q44,à valider,100.0,Pensez-vous que les personnes qui portent des symboles religieux visibles devraient être autorisées à travailler comme enseignants dans les écoles pub,signes religieux chez les enseignants
provincial_qc_2012,ideology,Q30A,ok,100.0,"En politique, les gens parlent parfois de gauche et de droite. Où vous situez-vous sur une échelle de 0 à 10, où 0 signifie « l’extrême gauche » et 10",
provincial_qc_2012,partisanship,Q47A,ok,30.9,De quel parti fédéral vous sentez-vous le plus proche ?,proximité partisane fédérale
