step,checkpoint_save_step,epoch,grad_norm,learning_rate,train_loss,total_flos,avg_train_loss,train_runtime,train_samples_per_second,train_steps_per_second,eval_loss,eval_runtime,eval_samples_per_second,eval_steps_per_second
1,,0.008,43.448116302490234,0.0001,4.6751,,,,,,,,,
2,,0.016,34.42728042602539,9.9984209464165E-05,3.4606,,,,,,,,,
3,,0.024,29.861337661743164,9.993684783030088E-05,2.9381,,,,,,,,,
4,,0.032,18.595815658569336,9.98579450130307E-05,1.9183,,,,,,,,,
5,,0.04,11.612857818603516,9.974755084906502E-05,0.9943,,,,,,,,,
6,,0.048,5.084555149078369,9.96057350657239E-05,0.7988,,,,,,,,,
7,,0.056,3.4964230060577393,9.94325872368957E-05,0.7369,,,,,,,,,
8,,0.064,3.288330554962158,9.922821672646027E-05,0.786,,,,,,,,,
9,,0.072,2.868403673171997,9.899275261921234E-05,0.8609,,,,,,,,,
10,,0.08,2.31951642036438,9.872634363932887E-05,0.7596,,,,,,,,,
11,,0.088,2.219212532043457,9.842915805643155E-05,0.7351,,,,,,,,,
12,,0.096,3.0353550910949707,9.81013835793043E-05,0.8123,,,,,,,,,
13,,0.104,2.209498882293701,9.774322723733216E-05,0.6836,,,,,,,,,
14,,0.112,2.538078784942627,9.735491524973722E-05,0.7727,,,,,,,,,
15,,0.12,3.3655147552490234,9.693669288269372E-05,0.7311,,,,,,,,,
16,,0.128,3.1785387992858887,9.648882429441257E-05,0.8123,,,,,,,,,
17,,0.136,3.1522483825683594,9.601159236829352E-05,0.8414,,,,,,,,,
18,,0.144,2.5494425296783447,9.550529853424979E-05,0.7335,,,,,,,,,
19,,0.152,2.663536787033081,9.497026257831855E-05,0.8108,,,,,,,,,
20,,0.16,2.396738290786743,9.440682244067724E-05,0.8478,,,,,,,,,
21,,0.168,2.5094497203826904,9.381533400219318E-05,0.7967,,,,,,,,,
22,,0.176,2.4613497257232666,9.319617085964176E-05,0.7268,,,,,,,,,
23,,0.184,2.0596063137054443,9.254972408973461E-05,0.7413,,,,,,,,,
24,,0.192,2.0318665504455566,9.18764020021071E-05,0.7263,,,,,,,,,
25,,0.2,2.1857199668884277,9.117662988142138E-05,0.7611,,,,,,,,,
26,,0.208,2.186070680618286,9.045084971874738E-05,0.7414,,,,,,,,,
27,,0.216,1.9188868999481201,8.969951993239177E-05,0.6888,,,,,,,,,
28,,0.224,2.020866870880127,8.892311507835119E-05,0.7854,,,,,,,,,
29,,0.232,1.8540858030319214,8.81221255505724E-05,0.674,,,,,,,,,
30,,0.24,1.8198556900024414,8.729705727120911E-05,0.6615,,,,,,,,,
31,,0.248,2.090290069580078,8.644843137107059E-05,0.7257,,,,,,,,,
32,,0.256,2.566521167755127,8.557678386046428E-05,0.7641,,,,,,,,,
33,,0.264,2.225393295288086,8.468266529064025E-05,0.6561,,,,,,,,,
34,,0.272,2.3682339191436768,8.376664040605122E-05,0.7534,,,,,,,,,
35,,0.28,2.1502978801727295,8.282928778764783E-05,0.683,,,,,,,,,
36,,0.288,2.0421173572540283,8.18711994874345E-05,0.756,,,,,,,,,
37,,0.296,2.239655017852783,8.089298065451672E-05,0.7372,,,,,,,,,
38,,0.304,3.3934340476989746,7.989524915287595E-05,0.9125,,,,,,,,,
39,,0.312,2.4215641021728516,7.887863517111338E-05,0.6898,,,,,,,,,
40,,0.32,2.0801148414611816,7.784378082440941E-05,0.7473,,,,,,,,,
41,,0.328,2.289637565612793,7.679133974894983E-05,0.7443,,,,,,,,,
42,,0.336,1.9528406858444214,7.572197668907532E-05,0.6479,,,,,,,,,
43,,0.344,2.0531809329986572,7.463636707741458E-05,0.7336,,,,,,,,,
44,,0.352,1.7552956342697144,7.353519660826665E-05,0.6631,,,,,,,,,
45,,0.36,2.1569154262542725,7.241916080450163E-05,0.6768,,,,,,,,,
46,,0.368,1.9655706882476807,7.128896457825364E-05,0.6775,,,,,,,,,
47,,0.376,2.9177143573760986,7.014532178568314E-05,0.8394,,,,,,,,,
48,,0.384,2.0890166759490967,6.898895477609007E-05,0.6729,,,,,,,,,
49,,0.392,2.2059857845306396,6.782059393566253E-05,0.7666,,,,,,,,,
50,,0.4,2.039012908935547,6.664097722614934E-05,0.7372,,,,,,,,,
51,,0.408,1.5336577892303467,6.545084971874738E-05,0.6601,,,,,,,,,
52,,0.416,1.7653491497039795,6.42509631234988E-05,0.7074,,,,,,,,,
53,,0.424,1.7745000123977661,6.304207531449486E-05,0.7103,,,,,,,,,
54,,0.432,1.6422592401504517,6.182494985118624E-05,0.6954,,,,,,,,,
55,,0.44,1.4255536794662476,6.0600355496102745E-05,0.7079,,,,,,,,,
56,,0.448,1.7763878107070923,5.9369065729286245E-05,0.7326,,,,,,,,,
57,,0.456,1.6827644109725952,5.813185825974419E-05,0.6625,,,,,,,,,
58,,0.464,1.4400184154510498,5.68895145342319E-05,0.7185,,,,,,,,,
59,,0.472,1.790886402130127,5.564281924367408E-05,0.7205,,,,,,,,,
60,,0.48,1.8397773504257202,5.439255982753717E-05,0.6658,,,,,,,,,
61,,0.488,1.9793928861618042,5.313952597646568E-05,0.8191,,,,,,,,,
62,,0.496,2.0067715644836426,5.188450913349674E-05,0.7423,,,,,,,,,
63,,0.504,2.208599090576172,5.062830199416764E-05,0.6136,,,,,,,,,
64,,0.512,2.4447929859161377,4.9371698005832365E-05,0.6762,,,,,,,,,
65,,0.52,1.8652528524398804,4.811549086650327E-05,0.6605,,,,,,,,,
66,,0.528,2.3900651931762695,4.6860474023534335E-05,0.7453,,,,,,,,,
67,,0.536,2.3388874530792236,4.560744017246284E-05,0.7271,,,,,,,,,
68,,0.544,2.1194419860839844,4.435718075632592E-05,0.7302,,,,,,,,,
69,,0.552,2.015947103500366,4.31104854657681E-05,0.6764,,,,,,,,,
70,,0.56,2.1778335571289062,4.1868141740255823E-05,0.7143,,,,,,,,,
71,,0.568,2.3562631607055664,4.063093427071376E-05,0.771,,,,,,,,,
72,,0.576,2.0607447624206543,3.939964450389728E-05,0.7633,,,,,,,,,
73,,0.584,2.170322895050049,3.817505014881378E-05,0.7748,,,,,,,,,
74,,0.592,1.7824287414550781,3.6957924685505167E-05,0.7001,,,,,,,,,
75,,0.6,2.124898672103882,3.5749036876501194E-05,0.7471,,,,,,,,,
76,,0.608,1.7660019397735596,3.4549150281252636E-05,0.6642,,,,,,,,,
77,,0.616,1.7508327960968018,3.335902277385067E-05,0.6648,,,,,,,,,
78,,0.624,1.759779453277588,3.217940606433747E-05,0.7842,,,,,,,,,
79,,0.632,1.7544773817062378,3.101104522390995E-05,0.7337,,,,,,,,,
80,,0.64,1.9735172986984253,2.9854678214316873E-05,0.7724,,,,,,,,,
81,,0.648,1.6047148704528809,2.8711035421746367E-05,0.6969,,,,,,,,,
82,,0.656,2.344003200531006,2.7580839195498398E-05,0.7305,,,,,,,,,
83,,0.664,1.9586032629013062,2.6464803391733374E-05,0.8106,,,,,,,,,
84,,0.672,1.5461251735687256,2.536363292258543E-05,0.7126,,,,,,,,,
85,,0.68,1.8917404413223267,2.4278023310924673E-05,0.7315,,,,,,,,,
86,,0.688,1.6424216032028198,2.3208660251050158E-05,0.7753,,,,,,,,,
87,,0.696,1.695005178451538,2.215621917559062E-05,0.7353,,,,,,,,,
88,,0.704,1.6730682849884033,2.112136482888663E-05,0.7649,,,,,,,,,
89,,0.712,1.6173149347305298,2.0104750847124075E-05,0.698,,,,,,,,,
90,,0.72,1.4059169292449951,1.910701934548329E-05,0.6703,,,,,,,,,
91,,0.728,1.63291335105896,1.8128800512565513E-05,0.7538,,,,,,,,,
92,,0.736,1.939378261566162,1.7170712212352187E-05,0.7479,,,,,,,,,
93,,0.744,2.542073965072632,1.6233359593948777E-05,0.8144,,,,,,,,,
94,,0.752,1.576463222503662,1.531733470935976E-05,0.7109,,,,,,,,,
95,,0.76,1.8074438571929932,1.4423216139535734E-05,0.7349,,,,,,,,,
96,,0.768,1.8390837907791138,1.3551568628929434E-05,0.655,,,,,,,,,
97,,0.776,1.6365716457366943,1.2702942728790895E-05,0.7237,,,,,,,,,
98,,0.784,2.378967761993408,1.18778744494276E-05,0.8676,,,,,,,,,
99,,0.792,1.7284929752349854,1.1076884921648834E-05,0.7384,,,,,,,,,
100,,0.8,2.738335371017456,1.0300480067608231E-05,0.7069,,,,,,,,,
101,,0.808,1.5791218280792236,9.549150281252633E-06,0.7594,,,,,,,,,
102,,0.816,1.3813213109970093,8.823370118578628E-06,0.7558,,,,,,,,,
103,,0.824,1.112263560295105,8.123597997892918E-06,0.6783,,,,,,,,,
104,,0.832,1.3356389999389648,7.450275910265414E-06,0.6789,,,,,,,,,
105,,0.84,1.3814964294433594,6.803829140358237E-06,0.719,,,,,,,,,
106,,0.848,1.2390438318252563,6.184665997806832E-06,0.6785,,,,,,,,,
107,,0.856,1.512336254119873,5.593177559322777E-06,0.662,,,,,,,,,
108,,0.864,1.4580157995224,5.029737421681446E-06,0.6722,,,,,,,,,
109,,0.872,1.749580979347229,4.494701465750217E-06,0.7264,,,,,,,,,
110,,0.88,1.8801558017730713,3.9884076317064814E-06,0.7668,,,,,,,,,
111,,0.888,2.807997465133667,3.511175705587433E-06,0.8217,,,,,,,,,
112,,0.896,1.9715520143508911,3.0633071173062967E-06,0.694,,,,,,,,,
113,,0.904,2.3283255100250244,2.6450847502627884E-06,0.7493,,,,,,,,,
114,,0.912,1.9614770412445068,2.2567727626678527E-06,0.8091,,,,,,,,,
115,,0.92,1.7281118631362915,1.8986164206957035E-06,0.7114,,,,,,,,,
116,,0.928,2.099090814590454,1.5708419435684462E-06,0.7431,,,,,,,,,
117,,0.936,1.6580009460449219,1.2736563606711382E-06,0.7244,,,,,,,,,
118,,0.944,1.4887250661849976,1.007247380787657E-06,0.7147,,,,,,,,,
119,,0.952,1.7207245826721191,7.717832735397335E-07,0.7422,,,,,,,,,
120,,0.96,1.6358224153518677,5.674127631043025E-07,0.7299,,,,,,,,,
121,,0.968,1.4594277143478394,3.9426493427611177E-07,0.8041,,,,,,,,,
122,,0.976,1.42575204372406,2.5244915093499134E-07,0.705,,,,,,,,,
123,,0.984,1.5144128799438477,1.420549869693033E-07,0.6922,,,,,,,,,
124,,0.992,1.3903506994247437,6.315216969912663E-08,0.7082,,,,,,,,,
125,125,1,1.427964448928833,1.5790535835003008E-08,0.6985,228719357067264,0.8158688516616821,598.0775,13.376,0.209,0.716489851474762,12.2231,40.906,0.654
