item_idx,cell,n_options,observed_entropy,b0_entropy,bs_entropy,observed_normalized_entropy,b0_normalized_entropy,bs_normalized_entropy
1,25_34|man|bachelor,6,1.5276312190406236,1.2323532148505176,1.387967720978396,0.8525872167980081,0.6877894248726663,0.7746395343881594
1,25_34|woman|bachelor,6,1.5188212134944525,1.2401806447853787,1.3943455156103854,0.8476702590827146,0.6921579966978976,0.7781990493462342
1,25_34|woman|college_trades,6,1.219574945439382,1.0246218993412646,1.3342087894779113,0.6806577369253767,0.5718523702194822,0.7446361034456983
1,25_34|woman|high_school,6,1.0742709859768995,1.2408987542266572,1.4865519659123285,0.5995620530693936,0.6925587812081019,0.8296604490963181
1,35_44|man|above_bachelor,6,0.6899692795865962,1.1955890664434863,1.3785442121785991,0.38507918693118787,0.667270962970595,0.7693801739875935
1,35_44|man|bachelor,6,1.495014709351055,1.2679600664972388,1.2840937887306954,0.8343835961392482,0.707661987154735,0.7166663889790533
1,35_44|man|college_trades,6,1.277335152685671,1.3221479715559061,1.303980386869594,0.712894322381333,0.7379048327985275,0.727765310726327
1,35_44|man|high_school,6,1.1572323822752546,1.2818503337968394,1.5159605552385675,0.6458636899370348,0.7154142929402795,0.8460736953111736
1,35_44|woman|bachelor,6,1.3994421070980825,1.335579293201717,1.312641494640931,0.7810435112147085,0.7454009961376823,0.7325991670112157
1,35_44|woman|college_trades,6,1.5030257277179555,1.1434961484333632,1.4149563864212398,0.8388546306193125,0.6381973518610824,0.7897021953682468
1,35_44|woman|high_school,6,1.243461808411685,1.2853055078290543,1.5381828894971814,0.6939892489851925,0.7173426622842425,0.8584762162076799
1,45_54|man|above_bachelor,6,1.1969159776260068,1.1234071636794896,1.4399964587702863,0.6680115262020493,0.6269854759933196,0.8036773258358618
1,45_54|man|bachelor,6,1.211086204939897,1.2927582319369069,1.2999297927005349,0.6759200806465782,0.7215021068055897,0.7255046310767285
1,45_54|man|college_trades,6,1.2298090566172484,1.1796170265551558,1.31325766117086,0.6863695031270508,0.6583567977812173,0.7329430560992942
1,45_54|man|high_school,6,1.2174075784419494,1.3204226526644718,1.4621550238393792,0.6794481063724731,0.7369419139910283,0.8160442564700499
1,45_54|woman|above_bachelor,6,1.0840423139993958,1.1218237052581186,1.397635123480887,0.6050155350742668,0.6261017310216503,0.7800350144559477
1,45_54|woman|bachelor,6,1.240213612756539,1.1264910560574717,1.4557581426414656,0.6921763964729379,0.6287066291006117,0.8124740890967084
1,45_54|woman|college_trades,6,1.2003115472903456,1.2075634740497008,1.2459182046050907,0.6699066297149119,0.6739540071022793,0.6953601898037522
1,45_54|woman|high_school,6,1.2923479621236884,1.3888161696306203,1.2490870170016395,0.7212731308630793,0.7751130625970488,0.6971287376758135
1,55_64|man|above_bachelor,6,1.16993359530194,1.3562911366315273,1.4639988232313723,0.6529523718973191,0.756960496051325,0.8170733005039499
1,55_64|man|bachelor,6,1.478892344828307,1.3829211276246782,1.352055976094351,0.8253855331739696,0.7718229770095666,0.7545968079503764
1,55_64|man|college_trades,6,1.3739448097430744,1.297908084778362,1.4940207450270941,0.7668131986125415,0.7243762944015809,0.8338288540876327
1,55_64|man|high_school,6,1.2373082554951078,1.2898619678123973,1.3225180347243741,0.6905548857114053,0.7198856710204018,0.7381113689853447
1,55_64|woman|bachelor,6,1.4197366555401936,1.177494058478534,1.4280083457673616,0.7923701143613098,0.6571719467378256,0.7969866325766323
1,55_64|woman|college_trades,6,1.1997680398195683,1.307431453839413,1.2471637329502527,0.669603292419861,0.7296913878751229,0.696055332408858
1,55_64|woman|high_school,6,1.2883363186821613,1.4247771688782715,1.3679537733731402,0.7190341900284284,0.7951832784185644,0.7634695375504261
1,65_74|man|above_bachelor,6,1.3755995200583837,1.1632254635811063,1.448541869057566,0.7677367100233795,0.6492084922996163,0.808446610125433
1,65_74|man|bachelor,6,1.5181946620033453,1.1041542157137187,1.4430701863210955,0.8473205740374461,0.6162402011411846,0.8053928058450918
1,65_74|man|college_trades,6,1.2634896077466147,1.1196867366162546,1.351680598167985,0.7051669766204528,0.6249090661140192,0.7543873055406988
1,65_74|man|high_school,6,1.250858752437824,1.1765677610383385,1.4698038282546444,0.6981175620501855,0.6566549702931053,0.8203131354946214
1,65_74|woman|above_bachelor,6,1.2127969699345509,1.2406070109738343,1.3717209619442092,0.6768748767696264,0.6923959561984767,0.7655720455241622
1,65_74|woman|bachelor,6,1.3040027996981034,1.1719757788120546,1.3956258232987164,0.727777819564089,0.6540921362156817,0.7789136026723469
1,65_74|woman|college_trades,6,1.3790999242025768,1.1803488963974906,1.3390466830023253,0.7696903227734777,0.6587652621174768,0.7473361832317972
1,65_74|woman|high_school,6,1.464167948900725,1.2819957826713104,1.3445409862072957,0.8171676913372383,0.7154954695027417,0.7504026122359857
4,18_24|woman|bachelor,4,0.4272402378469409,0.8426539025175497,0.5623351446188083,0.3081886862050014,0.6078463031739004,0.4056390622295664
4,25_34|man|above_bachelor,4,0.8111952249172037,1.0347365525049894,0.9652468915577055,0.5851536640904286,0.7464046464627454,0.6962784518418944
4,25_34|man|bachelor,4,0.8996835893619524,1.0044348225345285,0.7789977492971932,0.6489845263708356,0.7245465686833752,0.5619280948873624
4,25_34|woman|above_bachelor,4,0.42042520869453887,0.915594938493882,0.666039978693258,0.3032726818241594,0.6604621386140795,0.4804462871472771
4,25_34|woman|bachelor,4,0.6217781540740865,1.0688458689395637,0.9544639351213038,0.44851812970788923,0.7710093172968817,0.6885001929534351
4,25_34|woman|college_trades,4,0.2695792278759215,0.9765468456433518,0.7881121021276409,0.19446030759163388,0.7044296457027118,0.5685027107020619
4,25_34|woman|high_school,4,0.5189796958164021,1.1451497821575927,1.0630450764983939,0.37436471673819305,0.8260509558969179,0.7668249300528308
4,35_44|man|above_bachelor,4,1.195669035135097,1.032240871835466,1.0183532825394812,0.862492893766948,0.7446043933999635,0.7345866152963535
4,35_44|man|bachelor,4,0.830504284146063,1.0437710284259727,1.1077283680049783,0.5990822060872819,0.7529216432668621,0.7990571115864035
4,35_44|man|college_trades,4,0.8899809141854722,1.0496348213275466,1.0582336148484166,0.6419855256906034,0.7571514757368123,0.763354194121906
4,35_44|man|high_school,4,0.3255153888194114,1.1312286312991557,0.9685560770643694,0.2348097185914038,0.8160089682434508,0.6986655246018172
4,35_44|woman|above_bachelor,4,0.6754319380449348,0.7614975011640084,0.8743052657160559,0.48722115373772457,0.5493043342893262,0.6306779355358307
4,35_44|woman|bachelor,4,0.5698024738849398,0.9348906300362209,0.8336017165711,0.4110256016800328,0.6743810378634072,0.6013165312868266
4,35_44|woman|college_trades,4,0.7229214220657197,0.9167167223246417,0.9062523011418141,0.5214775752833056,0.6612713345988728,0.6537228503257534
4,35_44|woman|high_school,4,1.2072945619020645,1.0387016300794876,1.1107490387200785,0.8708789386741611,0.7492648453394797,0.8012360649168202
4,45_54|man|above_bachelor,4,1.048655904560526,0.992433330168369,0.9659071793132552,0.7564453365542004,0.7158893219234126,0.69675474877714
4,45_54|man|bachelor,4,0.7400661470053259,1.0922318808177547,0.926386193959593,0.5338448801071931,0.7878787589783001,0.6682463839867531
4,45_54|man|college_trades,4,1.1274079451505485,1.0512291680564152,1.0420923878411397,0.8132529257637564,0.7583015537964105,0.7517107600432753
4,45_54|man|high_school,4,1.021155947266187,1.2117687525264442,1.100223668152831,0.7366083105476,0.8741063849870534,0.7936436149563769
4,45_54|woman|above_bachelor,4,0.9101210319200768,1.0150814944434208,0.8501545146777596,0.6565135496799204,0.7322265190658406,0.6132568511574836
4,45_54|woman|bachelor,4,0.7352988044649956,0.8715269103551291,0.8857365545064276,0.5304059693866164,0.6286737757853125,0.6389238673602501
4,45_54|woman|college_trades,4,0.8966935926334301,1.0273654018604457,1.0554372005612565,0.646827699644579,0.741087485222481,0.7613370076097274
4,45_54|woman|high_school,4,0.818001522439862,1.110358004154131,1.0991259215000189,0.5900633699318055,0.8009539931022659,0.7928517581302946
4,55_64|man|above_bachelor,4,0.4313151885405351,1.098341945262674,0.7566791486939196,0.31112814178375914,0.7922862388153985,0.5458286276824003
4,55_64|man|bachelor,4,0.8861333153513165,1.0759834783597328,0.8246379337860383,0.6392100698119201,0.776158014154022,0.5948505288010194
4,55_64|man|college_trades,4,1.056895068278811,1.101305971892373,0.9776557238103626,0.7623886368729215,0.7944243320752633,0.7052295322189601
4,55_64|man|high_school,4,0.8413000660728929,1.100957295552731,1.010649559029965,0.6068697166114599,0.7941728152622248,0.7290295534445741
4,55_64|woman|above_bachelor,4,0.24502046825233578,0.8701333780198622,0.9205987722651408,0.17674490723196828,0.6276685546906086,0.6640716416976934
4,55_64|woman|bachelor,4,0.7810894763417783,0.9288835959979974,0.9242070870348962,0.5634369570044204,0.6700478787547092,0.6666744906098396
4,55_64|woman|college_trades,4,0.7384417882616444,1.0966771950035576,0.8842729198552098,0.5326731529551262,0.7910853753438257,0.6378680781337576
4,55_64|woman|high_school,4,0.9508280606281645,1.1162489257353978,0.808189444417444,0.6858774639031618,0.8052033947780456,0.5829854517799266
4,65_74|man|above_bachelor,4,0.7690284343479483,1.0307345629326121,0.975494124018105,0.5547367542681945,0.7435178212078664,0.7036702675686217
4,65_74|man|bachelor,4,0.4520820426621819,1.0917338186213241,0.9120503726093832,0.32610826051184133,0.7875194830478777,0.6579052748022441
4,65_74|man|college_trades,4,0.8717349986873034,1.2113963160075991,1.0721762206303025,0.6288238797877599,0.8738377288276614,0.7734116582312043
4,65_74|man|high_school,4,0.9513807522078401,1.268668170969911,0.9941706441041329,0.6862761466037314,0.9151506393959812,0.7171425290232096
4,65_74|woman|above_bachelor,4,0.5912951798801817,1.030960973389642,0.7699293149592386,0.42652931185734283,0.7436811418296476,0.5553866022633651
4,65_74|woman|bachelor,4,0.6610609448101827,1.0874046332625464,0.9277774611713185,0.4768546734015117,0.7843966359237788,0.669249971140207
4,65_74|woman|college_trades,4,0.9303143591504279,1.092451045595391,0.8145457482164427,0.6710799562070582,0.7880368529472168,0.587570555764526
4,65_74|woman|high_school,4,0.7863776147833704,1.149456095457831,0.9782803461897986,0.56725154255703,0.8291573043183019,0.7056801020235804
4,75_plus|man|above_bachelor,4,0.8102194334797685,1.2193653519580228,1.0423276852152947,0.5844497793565637,0.8795861731508324,0.7518804912206891
4,75_plus|man|bachelor,4,0.3826893796802345,1.2753230619473501,0.9781687942957137,0.276052035132774,0.9199511285013852,0.7055996343413814
4,75_plus|man|high_school,4,0.6266915642273776,1.2969571802108675,1.0527035918677452,0.4520624059388925,0.9355568460677761,0.7593651257567977
4,75_plus|woman|high_school,4,0.9967273125125191,1.1682413962091156,0.989053318208434,0.7189867754401977,0.8427080344360449,0.7134511586770408
7,18_24|woman,3,0.870383776567253,0.9357416581670257,0.9442098237868846,0.7922574556511223,0.8517487632524678,0.8594568197772361
7,25_34|man,3,1.0317081148696656,0.876705519271537,0.891350095011364,0.9391011965835967,0.7980117538412036,0.8113418211369019
7,25_34|woman,3,0.8947758150642304,0.9550439063106533,0.8984812203248613,0.8144600459084631,0.8693184266748827,0.8178328511272388
7,35_44|man,3,0.7555110114288196,0.7532751840770062,0.9713430234977111,0.6876957587510284,0.6856606209914426,0.8841545224979304
7,35_44|woman,3,0.8361713230198144,0.9854471244048607,0.8384663498886817,0.7611159383930953,0.8969926283999211,0.7632049618753008
7,45_54|man,3,0.9701668390004552,0.7702233513336298,0.8761169442709758,0.8830839132307777,0.701087507647854,0.7974760097878809
7,45_54|woman,3,0.7956533171425613,0.8580281716765199,0.8442283112494938,0.7242348600589227,0.7810108994108746,0.7684497251282202
7,55_64|man,3,0.8081109233234275,0.9371556051292063,0.9023953381067209,0.735574261874616,0.8530357932418144,0.821395634669925
7,55_64|woman,3,0.9661444232110799,0.8557056399633256,0.9371556051292063,0.8794225525934851,0.7788968399404403,0.8530357932418144
20,18_24|man,5,1.2724594430360272,1.2301741835794264,1.1653856429001805,0.7906235047685501,0.7643501958512469,0.7240948121680949
20,18_24|woman,5,1.3697908576366777,1.2469199064382042,1.3012145567401132,0.8510989128900398,0.7747548984678589,0.8084900614601326
20,25_34|man,5,1.167581765109646,1.1865119386977585,1.1839847178457281,0.7254593396173981,0.7372213177849699,0.7356510671822559
20,25_34|woman,5,1.3024851017304788,1.1889418508524423,1.1837254756325146,0.8092794954485765,0.738731107094586,0.7354899909386738
20,35_44|man,5,1.2297436185296924,1.1419183883401394,1.1272449120885975,0.7640826707442467,0.709513787091738,0.7003966436852241
20,35_44|woman,5,1.3302377427359677,1.2365951065686782,1.1005965569922602,0.8265231808315783,0.768339739616586,0.6838390897153201
20,45_54|man,5,1.2537811338564402,1.1431367753148758,1.2098169736088225,0.7790180187567672,0.7102708134829541,0.7517015501263453
20,45_54|woman,5,1.3352324982856625,1.1487623939928946,1.070102272978612,0.8296265969441892,0.7137662068961182,0.6648919257532578
20,55_64|man,5,1.2916350967085444,1.1927564457155329,1.0026403252047316,0.8025380082883014,0.7411012481442159,0.6229754608479098
20,55_64|woman,5,1.3365087591738147,1.2868983642917815,1.0834644553313408,0.8304195824196102,0.7995949109621056,0.6731943164509642
20,65_74|woman,5,1.205792216609811,1.246762219372538,1.0802904609130841,0.7492008279997462,0.7746569219852324,0.671222202836804
21,man|above_bachelor,4,0.9067737475037144,0.800844382435108,0.970436442759878,0.654098994365955,0.5776871095314574,0.7000219217338012
21,man|college_trades,4,0.9558985522796375,0.8070946847213575,0.9602388125908654,0.6895350504833863,0.582195749587672,0.6926658864969741
21,man|high_school,4,0.8923845215439796,0.8058057022536582,0.8742540393549725,0.6437193618987849,0.5812659452807006,0.6306409835272817
21,man|no_diploma,4,0.9435570135069319,0.8066309418102475,0.8952766175880402,0.6806325120912257,0.5818612297886191,0.6458055682090553
21,woman|above_bachelor,4,0.8156497950451216,0.8841194400223298,1.0827388659957156,0.5883669572068482,0.6377573658368713,0.7810309962748794
21,woman|college_trades,4,0.9955487691272523,0.830054640179671,0.8743504350443263,0.7181366360914992,0.5987578565270422,0.6307105183187787
21,woman|high_school,4,0.9456340866034354,0.6881388137135884,1.1521972208446822,0.6821308036191704,0.49638722699390414,0.8311346083193345
21,woman|no_diploma,4,0.7767712783437264,0.8977818699217879,1.0282100161438257,0.5603220355857373,0.6476127257680919,0.7416967456415292
25,25_34|man|bachelor,7,1.112839003347105,1.2101799561534874,1.1170893289002921,0.5718861191444827,0.6219094734363748,0.5740703544007973
25,25_34|woman|bachelor,7,0.9709911739688917,0.9828820370341211,1.2251228101204583,0.49899075475827165,0.5051014495768388,0.6295885813202744
25,35_44|man|bachelor,7,0.6844981692587988,1.2632156398969678,1.0352994922337346,0.35176247453722576,0.6491644233985957,0.5320386929151608
25,35_44|woman|bachelor,7,1.1612759395211183,1.1922189813483524,1.2880575028536108,0.5967777803537776,0.612679358256671,0.6619306155933911
25,45_54|man|bachelor,7,0.885131959398502,1.197438713024585,1.2218603506709094,0.45486784671337965,0.6153617697127018,0.6279120088171026
25,45_54|man|college_trades,7,1.0276780313094833,1.4656043388787021,1.3815899333617871,0.5281220367797522,0.7531716403196794,0.7099967765893568
25,45_54|woman|bachelor,7,0.9869482619207163,1.1874238050056283,1.247561894451439,0.5071910758057626,0.6102151250827744,0.6411199895622605
25,45_54|woman|college_trades,7,0.59307741186078,1.325542661568692,1.406118930369058,0.3047814988521968,0.6811941765205383,0.7226021874913858
25,55_64|man|bachelor,7,1.2493854000611162,1.1230924926062467,1.191381208856186,0.6420570860723754,0.5771553702782617,0.6122488283616637
25,55_64|man|college_trades,7,1.0879299221002707,1.5449409641546334,1.5514362800668615,0.5590853835817812,0.7939426005381905,0.7972805326186525
25,55_64|man|high_school,7,1.4438382890544976,1.4748785340078225,1.4074651498166122,0.7419861033950833,0.757937633823348,0.7232940074339499
25,55_64|woman|bachelor,7,1.106604192774922,1.4050062349940946,1.2689571522449847,0.5686820603264484,0.7220303751826297,0.652114977076937
25,55_64|woman|college_trades,7,0.9496806774233044,1.3071262177537022,1.3861760874175608,0.4880393259084181,0.6717299965716693,0.7123535935564712
25,65_74|man|above_bachelor,7,1.0800423177057543,1.2257692118261927,1.056678061283001,0.5550319567581709,0.6299207660853563,0.543025104111816
25,65_74|man|bachelor,7,0.8116553575456787,1.2899233252312106,1.1837568870431612,0.41710834281825165,0.6628894586203959,0.6083307020202567
33,man|above_bachelor,8,1.614844102086114,1.6159988885989651,1.7288670737288323,0.7765758592961426,0.7771311942212679,0.8314093178749334
33,man|college_trades,8,1.886867976626134,1.446201765176148,1.5469107043439232,0.9073916908969054,0.6954760382481647,0.7439068006183439
33,man|high_school,8,1.6574112232121248,1.4846017978486963,1.7508753121010512,0.7970463174806145,0.7139425504837179,0.841993043327701
33,man|no_diploma,8,1.807834187471024,1.6025342244814211,1.352509055772403,0.8693844723379917,0.7706560595047292,0.6504193691734201
33,woman|above_bachelor,8,1.6070897948358849,1.6633647534662634,1.775684081046725,0.7728468257576643,0.7999093603384239,0.8539235393038621
33,woman|college_trades,8,1.7361190288188784,1.5467921230650874,1.522043112388011,0.8348967710899865,0.743849775077371,0.7319480167537956
33,woman|high_school,8,1.7141619749420582,1.5567376774014359,1.6892084813971044,0.8243376601764464,0.7486325757173515,0.8123375663797265
33,woman|no_diploma,8,1.7153288832531803,1.640343115139663,1.786021534972237,0.8248988244543224,0.788838292522782,0.858894803808447
40,25_34|man|bachelor,10,1.1992471532773499,1.4185526909666817,1.8152796647149256,0.5208264211065362,0.6160696059758387,0.7883659414968772
40,25_34|man|college_trades,10,1.2884241315804015,1.534239499594409,1.5804927862155538,0.5595554906963576,0.6663117485918582,0.6863992957413109
40,25_34|man|high_school,10,1.051265813852491,1.4386475954595985,1.2841928677365213,0.45655894196966795,0.6247967121114854,0.5577178761574837
40,25_34|woman|bachelor,10,1.664507756549029,1.5400799925745576,1.866408098248562,0.7228865337544045,0.6688482424647314,0.8105707380488927
40,35_44|man|above_bachelor,10,1.0205251576393504,1.3696476110246747,1.7390462012909071,0.443208444606216,0.5948303996199876,0.7552581689954526
40,35_44|man|bachelor,10,1.3407400028539855,1.333917163435549,1.7451035387251783,0.582275984906436,0.5793128633960969,0.7578888372181826
40,35_44|man|college_trades,10,1.3695982340904889,1.4641486367288783,1.4973052715222028,0.5948089554899374,0.6358716736175206,0.6502714171467429
40,35_44|man|high_school,10,1.595246480552424,1.437775319042086,0.9421607712836442,0.6928067437795008,0.6244178872766654,0.40917522403419837
40,35_44|woman|above_bachelor,10,1.062815000779573,1.4820545545771122,1.651495528212514,0.46157469012256874,0.6436481149324216,0.717235394790591
40,35_44|woman|bachelor,10,1.5898967472660388,1.5085777245627754,1.6976497752267874,0.6904833841335696,0.655166981299777,0.7372799295852894
40,45_54|man|bachelor,10,1.0697143441737815,1.3965646377158485,1.673697185585371,0.46457103688742923,0.6065203157812069,0.7268774520767294
40,45_54|man|college_trades,10,1.2038463597595739,1.2289363784434348,0.9584089687459613,0.5228238311028998,0.5337202877681501,0.4162317265329571
40,45_54|man|high_school,10,1.689002380711136,1.2794829193531914,1.334789303120691,0.7335244138643017,0.5556723715645543,0.579691628848803
40,45_54|woman|above_bachelor,10,1.6324575810721411,1.3289927900474987,1.828736972960097,0.7089673194007612,0.5771742352068355,0.7942103762090263
40,45_54|woman|bachelor,10,1.4095698318649779,1.2401989393074166,1.721747198887609,0.6121683998362543,0.538611555803477,0.7477453077092692
40,45_54|woman|college_trades,10,1.8982145319908827,1.3931997462196708,1.3117565598285414,0.824384096712204,0.6050589619722138,0.5696886355339283
40,55_64|man|above_bachelor,10,0.7642261640698194,1.3178667782631082,1.645943983107064,0.3318992059816117,0.5723422696832842,0.7148243893852569
40,55_64|man|bachelor,10,1.4044424119532408,1.4775659647482455,1.1495166056712,0.609941589662186,0.6416987451382177,0.4992287186991584
40,55_64|man|college_trades,10,1.5191103469950307,1.2804193845832645,1.135555336120298,0.6597412411020759,0.5560790732464693,0.49316541637283773
40,55_64|man|high_school,10,1.4931542709674892,1.3323625889820403,1.6707480490369535,0.6484686605114534,0.5786377202892304,0.7255966583473724
40,55_64|woman|bachelor,10,0.995591258544082,1.3642513021814824,1.6328195674258676,0.4323797898168085,0.5924868124667435,0.7091245280767089
40,55_64|woman|college_trades,10,1.507298351205994,1.4069117727188283,1.8699421310416495,0.6546113565106328,0.611014019416509,0.8121055489897957
40,55_64|woman|high_school,10,1.4161171821452472,1.404194893137182,1.6073485249024821,0.615011877934063,0.6098340936062044,0.6980625948604795
40,65_74|man|above_bachelor,10,1.6600970205192012,1.2749723506884514,1.5868864895808255,0.7209709754355185,0.553713456483212,0.6891760458317746
40,65_74|man|bachelor,10,1.161131100491109,1.4633722966646363,1.4044010748206759,0.5042728297095387,0.6355345134115399,0.6099236371736154
40,65_74|man|college_trades,10,1.0722094980120291,1.335763635040363,1.4630891849575953,0.4656546684308799,0.5801147758250588,0.6354115595594098
40,65_74|man|high_school,10,1.8953282508846012,1.501935107349254,1.66315408524647,0.8231306007545243,0.6522821292985491,0.7222986417773923
40,65_74|woman|bachelor,10,1.0612611665230072,1.400071738230627,1.6443141943036996,0.46089986847915004,0.6080434301822553,0.7141165811012882
40,65_74|woman|college_trades,10,1.321118255066012,1.5450319910575099,1.733088616077533,0.5737543681168218,0.6709988680802708,0.7526708226118158
43,18_24|man,4,0.7324732426462699,1.251857260309398,1.0554372005612562,0.528367757374816,0.9030241306746064,0.7613370076097273
43,18_24|woman,4,0.8599400769170975,1.3381073342040783,1.1546740123046995,0.6203156422149851,0.9652404076166874,0.832921235697676
43,25_34|man,4,0.8899697082788773,1.2275333621027047,1.1647797236006059,0.641977442337667,0.8854781470156642,0.8402109654833059
43,25_34|woman,4,0.8775263014919736,1.2807165526534559,0.9007513859854936,0.6330014217060519,0.9238417096487749,0.6497547788175662
43,35_44|man,4,1.0217429861770682,1.1481286353398734,1.019639881940425,0.7370317696103685,0.8281997442537242,0.7355147005840297
43,35_44|woman,4,0.9681932990453199,1.2526508594446528,1.178020285610851,0.6984038355773041,0.9035965914430493,0.8497620120586876
43,45_54|man,4,0.9345881185927231,1.2693914093943945,1.0696264421998465,0.674162821983734,0.9156723456401725,0.771572381882712
43,45_54|woman,4,0.9153703417470528,1.2860874752303626,0.8614692698978013,0.6603001263076543,0.9277160113321259,0.621418721779897
43,55_64|man,4,0.8016493468982474,1.221219142816682,0.751700844250213,0.578267768650989,0.8809234005901491,0.5422375401159147
43,55_64|woman,4,0.5534457704637268,1.1825399056639418,1.0440693191543893,0.3992267342244951,0.8530222287773358,0.7531368145441769
43,65_74|woman,4,0.8293355987133458,1.3232141139171547,1.0994157769686375,0.5982391777482118,0.9544972200912816,0.79306084465387
48,18_24|man|high_school,8,1.896339221806111,1.886093750696674,1.8248553634763793,0.9119463970476376,0.9070193669272522,0.8775699277423331
48,18_24|woman|bachelor,8,1.5852958631319578,1.8547545928486167,1.4361610323903407,0.7623661600274215,0.8919484177229093,0.6906474664491729
48,18_24|woman|college_trades,8,1.5266621034644032,1.911677444204394,1.3162987646656925,0.7341692819270694,0.9193225228443225,0.6330059000371545
48,18_24|woman|high_school,8,1.6938687418022567,1.8535781623595957,1.6103875064479483,0.8145786779049813,0.8913826742454223,0.7744326898206663
48,25_34|man|above_bachelor,8,1.806393795809553,1.8229889542238595,1.7501580486506505,0.8686917903690111,0.8766723746180399,0.8416481125200663
48,25_34|man|bachelor,8,1.6226989343157991,1.8237036704820415,1.8212672664635956,0.7803532351310698,0.8770160804851472,0.8758444178201427
48,25_34|man|college_trades,8,1.6894796640959555,1.8918144524002194,1.6841124416017568,0.812467977691329,0.9097704429199556,0.8098868892660862
48,25_34|man|high_school,8,1.9265363275470362,1.8772112550534947,1.7828562629302644,0.9264681352815151,0.9027477894555413,0.8573726297157742
48,25_34|woman|above_bachelor,8,1.807887786439896,1.876643939263217,1.3421260020862449,0.8694102479935212,0.9024749682297908,0.6454261758193187
48,25_34|woman|bachelor,8,1.687655598283962,1.7248801763451396,1.7531834635993286,0.8115907874575896,0.8294920255136046,0.8431030295677627
48,25_34|woman|college_trades,8,1.825362586873363,1.7082388659770578,1.6066214238274341,0.8778138506354836,0.821489246866296,0.772621586913935
48,25_34|woman|high_school,8,1.7675508444504526,1.8118228115980046,1.8474492870077823,0.8500122792692559,0.8713025950873133,0.8884353082199931
48,25_34|woman|no_diploma,8,1.8470738597295826,1.8610798106112145,1.759689338002458,0.888254765862502,0.8949902044891236,0.8462316938137765
48,35_44|man|above_bachelor,8,1.7406616405363935,1.80618661255881,1.763882708838831,0.8370813055558342,0.8685921562862103,0.848248278917191
48,35_44|man|bachelor,8,1.8888840035284435,1.894545368499875,1.8873627615233801,0.908361194901659,0.9110837359579745,0.9076296321360934
48,35_44|man|college_trades,8,1.7983857436197481,1.9454613033095562,1.7216309988936906,0.8648407313085406,0.9355691248420255,0.8279295014482134
48,35_44|man|high_school,8,1.9208676472545245,1.9001069772085515,1.743334427474886,0.9237420762993844,0.913758304392432,0.8383666443763396
48,35_44|woman|above_bachelor,8,1.6236066561369364,1.829583119418213,1.5173766635295671,0.7807897570543569,0.8798434977596055,0.7297039292115827
48,35_44|woman|bachelor,8,1.755077380172134,1.8182567502901772,1.6743479977634421,0.8440138109169106,0.8743966655688403,0.8051911843652277
48,35_44|woman|college_trades,8,1.7471416824511241,1.8624628443271072,1.7472977680034136,0.840197547000879,0.8956553031168905,0.8402726082849599
48,35_44|woman|high_school,8,1.8853248283245418,1.803985424726367,1.7306052845209017,0.906649593429551,0.8675336086962334,0.8322452205715128
48,45_54|man|above_bachelor,8,1.6268801504112231,1.8855858362921336,1.64379882447851,0.7823639750396543,0.90677511172971,0.790500137431418
48,45_54|man|bachelor,8,1.8232710684134519,1.9431544082099628,1.785525002831359,0.8768080428654698,0.9344597428020139,0.8586560223226847
48,45_54|man|college_trades,8,1.6614464619519207,1.877412007060436,1.8402648714501963,0.7989868571201834,0.902844330763829,0.8849803346544547
48,45_54|man|high_school,8,1.8215375997194758,1.9198617588546996,1.8423036526766623,0.8759744206360246,0.9232583462306794,0.8859607811760813
48,45_54|woman|above_bachelor,8,1.870577722442465,1.9558459926953655,1.7040805305119024,0.8995577345883721,0.9405631048013853,0.8194895102149853
48,45_54|woman|bachelor,8,1.7397326666514252,1.7467601711901077,1.7331236686537668,0.8366345635501812,0.8400140788661085,0.8334563073380256
48,45_54|woman|college_trades,8,1.7992495864256302,1.856440358062059,1.7133772189505598,0.8652561518859251,0.8927590994274214,0.8239602723173655
48,45_54|woman|high_school,8,1.7677014317864383,1.848522610577475,1.8662406120754154,0.850084696470205,0.8889514677504147,0.8974720253822619
48,45_54|woman|no_diploma,8,1.6555407691399386,1.7667588619057923,1.773195464476508,0.7961468192092299,0.8496314161727052,0.8527267677090201
48,55_64|man|above_bachelor,8,1.86922413421241,1.8538039479668045,1.8725305175749394,0.8989067962460702,0.891491254170697,0.9004968305395364
48,55_64|man|bachelor,8,1.8243297281059796,1.9232988777184272,1.7405198214678521,0.8773171505616026,0.9249112510105614,0.8370131050002048
48,55_64|man|college_trades,8,1.9821435658114546,1.807559978426114,1.9898783450245099,0.9532095642420508,0.8692526056615723,0.9569292067797328
48,55_64|man|high_school,8,1.7758858246582794,1.8644409866253244,1.8922262327288601,0.8540205574731691,0.8966065884781607,0.9099684673993108
48,55_64|woman|above_bachelor,8,1.7342748046605623,1.776806364265607,1.7369030019947693,0.834009886740823,0.8544632434486468,0.8352737824943357
48,55_64|woman|bachelor,8,1.704783503345542,1.7321278639911337,1.7958864065295883,0.8198275686886425,0.8329774265218672,0.8636388042333794
48,55_64|woman|college_trades,8,1.638706786945607,1.8541468985965905,1.8023129423764404,0.7880513849991715,0.891656178561651,0.866729314698829
48,55_64|woman|high_school,8,1.8584476345950351,1.7575472721773668,1.801764054965314,0.8937243953940273,0.8452015778994042,0.8664653556501495
48,55_64|woman|no_diploma,8,1.807807154831736,1.9223347938499233,1.7284546948982,0.8693714723864441,0.9244476246718641,0.8312110055769599
48,65_74|man|above_bachelor,8,1.8566907490592899,1.8965924770215117,1.7294851202713795,0.8928795120440842,0.9120681870620835,0.8317065354355906
48,65_74|man|bachelor,8,1.8532745412603377,1.855889792175339,1.7079181244903339,0.8912366633606861,0.8924943332026036,0.8213350028155281
48,65_74|man|college_trades,8,1.8279069328851354,1.8869552404293428,1.8358428605386445,0.8790374224266467,0.9074336559156182,0.8828537969168372
48,65_74|man|high_school,8,1.9697360067005147,1.9130211764550962,1.7884155836614695,0.9472427895757543,0.919968721462446,0.8600460978656478
48,65_74|man|no_diploma,8,1.8016994848984067,1.8638872204116474,1.6948189042817674,0.8664343040117105,0.8963402832213995,0.8150356094707243
48,65_74|woman|above_bachelor,8,1.7127794723082688,1.912830576905053,1.4997617798574683,0.823672816945185,0.9198770624538984,0.7212329607717249
48,65_74|woman|bachelor,8,1.5944872706261266,1.716070290160724,1.891265611997117,0.7667862926976305,0.8252553658105871,0.9095065064773571
48,65_74|woman|college_trades,8,1.7779460886838294,1.7722204764232403,1.7135815862857104,0.8550113350373634,0.8522578975658951,0.8240585522310127
48,65_74|woman|high_school,8,1.7239412722942342,1.7292016378131472,1.6843445908498471,0.8290405081075674,0.8315702091900337,0.8099985294557416
48,65_74|woman|no_diploma,8,1.4345977990603478,1.8458627336821225,1.7343957075145084,0.6898957101248618,0.8876723373483145,0.8340680287234289
48,75_plus|man|above_bachelor,8,1.5864097430626103,1.7324748595289112,1.8268171227133447,0.7629018230447876,0.8331442961023879,0.8785133345165292
48,75_plus|man|bachelor,8,1.5678554565723735,1.864410016618124,1.6722859355129152,0.753979097342555,0.8965916950528926,0.8041995420376146
48,75_plus|man|college_trades,8,1.6491186486348297,1.8628421739980927,1.5845218557595506,0.793058432074326,0.8958377221286213,0.7619939411614938
48,75_plus|man|high_school,8,2.0272279995394142,1.790434157832423,1.845327828775582,0.974890593895589,0.8610168268476814,0.887415102462977
48,75_plus|woman|high_school,8,1.318702559376618,1.7759031278823119,1.7441854077122623,0.6341618809400769,0.8540288785650034,0.8387758793657919
53,18_24|woman|bachelor,3,0.6579586928855061,0.8455971234358672,0.8442283112494938,0.5988998117645079,0.7696956716741421,0.7684497251282202
53,25_34|man|above_bachelor,3,0.42663868303024693,0.9470801739534465,0.8522879295125871,0.3883432648905443,0.8620695250929956,0.7757859058229257
53,25_34|man|bachelor,3,0.8962099269131307,0.8977818699217879,0.9023953381067209,0.8157654307687026,0.817196274957204,0.821395634669925
53,25_34|woman|above_bachelor,3,0.8918212566080451,0.7977135328762811,0.8743471200436952,0.8117706909042812,0.7261101492350682,0.7958650463519756
53,25_34|woman|bachelor,3,0.8700618985863678,0.9278269944186646,0.9599503483032636,0.7919644696867332,0.8445445258431481,0.8737844626397259
53,25_34|woman|college_trades,3,0.8529781498370799,0.8783130902136367,0.7566791486939195,0.7764141714372942,0.7994750279722882,0.6887590431118069
53,25_34|woman|high_school,3,0.9032963489734409,0.926506603289533,1.056405213620843,0.8222157701044306,0.8433426540429225,0.9615814646507951
53,35_44|man|above_bachelor,3,1.014201713854404,0.891745194543111,0.6004829082458254,0.9231661836624456,0.8117014562291199,0.5465830980043143
53,35_44|man|bachelor,3,0.7299041146191338,0.8300282389569186,0.7941235926713616,0.6643873568026668,0.7555242623065813,0.7228424448393057
53,35_44|man|college_trades,3,0.8854120520959382,0.9486931953796682,1.0083565418210467,0.8059367815458878,0.8635377604685323,0.9178456787913017
53,35_44|man|high_school,3,0.882505149881736,0.8569524323268711,0.953887892594838,0.8032908051225526,0.7800317192571983,0.868266177644229
53,35_44|woman|above_bachelor,3,0.8329096711655893,0.8585022429370206,0.7702233513336298,0.7581470549317795,0.7814424176683988,0.701087507647854
53,35_44|woman|bachelor,3,1.0154498660142843,0.9086163473457878,0.9784546379972672,0.9243023007191677,0.8270582413085317,0.8906277929800746
53,35_44|woman|college_trades,3,0.9477480360714442,1.004746542908609,0.7812942784290702,0.8626774393907752,0.9145597161731207,0.7111646997652498
53,35_44|woman|high_school,3,0.9495565841081073,0.9332468112462041,0.9671134041663516,0.864323650756985,0.8494778557207069,0.8803045570688278
53,45_54|man|above_bachelor,3,0.6511127429554109,0.9748474678610376,0.8862772033041759,0.592668359594612,0.8873444052249615,0.8067242761125893
53,45_54|man|bachelor,3,0.724596404778291,0.9588579782604891,0.8077971017061665,0.6595560711019783,0.8727901445768004,0.7352886091284216
53,45_54|man|college_trades,3,0.8878628890767937,0.9288439239649925,0.89851553262697,0.8081676295039301,0.8454701750069317,0.817864083530574
53,45_54|man|high_school,3,0.9640624265003394,0.8680614510441254,0.8661214034529114,0.877527437517661,0.7901435838629749,0.7883776764439291
53,45_54|woman|above_bachelor,3,0.891442391156316,0.915594938493882,0.8461700039008929,0.8114258327085037,0.8334104287181178,0.7702171299455767
53,45_54|woman|bachelor,3,0.7497065345539481,0.878525872226953,0.8568409950394724,0.682412296209472,0.7996687105075294,0.7799302846668992
53,45_54|woman|college_trades,3,0.7920370361558815,0.8288843806178123,1.0070501327044141,0.720943179250342,0.7544830775766226,0.9166565339673198
53,45_54|woman|high_school,3,0.7958946650489187,0.8976231771484174,0.9585736242215623,0.7244545443905535,0.8170518265699,0.8725313143763195
53,55_64|man|above_bachelor,3,0.49000881205084323,0.8982120603655082,0.788965557947729,0.4460252421214948,0.8175878511739982,0.7181473993015521
53,55_64|man|bachelor,3,0.8204950376782569,0.878525872226953,0.7714121734452489,0.7468467685474144,0.7996687105075294,0.7021696201673311
53,55_64|man|college_trades,3,0.7983258569397955,0.9469139517738845,0.9384058757329168,0.7266675106170867,0.8619182231448229,0.8541738385892101
53,55_64|man|high_school,3,0.7669680879479445,0.9633601466595918,0.7846900680986035,0.6981244392212012,0.8768881948585434,0.7142556807278332
53,55_64|woman|above_bachelor,3,0.9308811860847706,0.8731966444930511,0.7909242346450291,0.8473245709032746,0.7948178383765042,0.7199302636637145
53,55_64|woman|bachelor,3,0.7499353242915621,0.9173289612047605,0.8830007224878723,0.6826205496032979,0.8349888042094212,0.8037418947482995
53,55_64|woman|college_trades,3,0.6999653247998541,0.9468283323537514,0.9726152858013345,0.6371358959114222,0.8618402889900568,0.8853125855532471
53,55_64|woman|high_school,3,0.9821976546653617,0.9379822023303179,0.9510899423083017,0.8940348335772923,0.8537881944388862,0.8657193735392719
53,65_74|man|above_bachelor,3,0.7549308158735037,0.9408915620087186,0.8077971017061665,0.6871676419974654,0.8564364077425329,0.7352886091284216
53,65_74|man|bachelor,3,0.763944830931749,0.8527355069558122,0.8115778984174679,0.6953725520928852,0.7761933083687026,0.7387300386029498
53,65_74|man|college_trades,3,0.552529050722732,0.953887892594838,0.7262795138741637,0.5029336158187201,0.868266177644229,0.6610881030237341
53,65_74|man|high_school,3,0.7519588134853281,0.9453551832657134,0.8225874872729984,0.6844624088421193,0.8604993709034551,0.7487513982482874
53,65_74|woman|above_bachelor,3,0.9158663993529813,0.9024807368129698,0.8385696937829806,0.8336575230405638,0.821473367922256,0.7632990295417241
53,65_74|woman|bachelor,3,0.8853060049372645,0.8783130902136367,0.8907628288468894,0.8058402532621907,0.7994750279722882,0.8108072684375265
53,65_74|woman|college_trades,3,0.941990584117062,0.9429784993142678,0.8987419830974825,0.8574367807764773,0.8583360199415547,0.8180702076317226
53,65_74|woman|high_school,3,1.010761882034069,0.9408915620087186,0.8570857674903515,0.9200351138065774,0.8564364077425329,0.7801530861532868
53,75_plus|man|above_bachelor,3,0.7392446347633932,0.963827889089445,0.9141459218304915,0.6728894646350698,0.8773139523661535,0.8320914769110639
53,75_plus|man|bachelor,3,1.0238368492359768,0.8969210905559775,0.904628551393917,0.9319364618406134,0.8164127598129725,0.8234283930053551
53,75_plus|man|high_school,3,0.6458695573858939,0.926637119692851,0.8748608452408524,0.5878958064167538,0.8434614551929408,0.7963326591781347
53,75_plus|woman|high_school,3,0.9992236165158066,0.904628551393917,0.9400791141164119,0.9095325319246192,0.8234283930053551,0.855696885801365
56,18_24|woman,6,1.313252705001869,1.263873020061748,1.4157479168465044,0.7329402900087134,0.7053809631078793,0.7901439569098256
56,25_34|woman,6,1.2384911690483449,1.2614199369233128,1.2723141766836343,0.6912150823357585,0.7040118713405049,0.7100920623189375
56,35_44|man,6,1.4539459006058906,1.3500436275777552,1.3854864326539815,0.8114626575587711,0.7534736948589397,0.7732547010067661
56,35_44|woman,6,1.3512557599176214,1.3754595908803917,1.4664622075533642,0.7541501987986055,0.7676586140621776,0.8184481414713333
56,45_54|man,6,1.28183168184993,1.3215703485615518,1.4070246401497604,0.7154038830905035,0.7375824552672379,0.785275403487026
56,45_54|woman,6,1.2076571772655686,1.2933212171622126,1.305152893450084,0.6740063038627973,0.7218163148424243,0.7284196991085996
56,55_64|man,6,1.3918985396018038,1.2974410942641612,1.3724198438376245,0.7768333660329287,0.7241156620331068,0.7659620989355815
56,55_64|woman,6,1.589923275173081,1.2973051608430388,1.4278496570886816,0.8873530752752593,0.724039796146275,0.7968980667387476
56,65_74|man,6,1.431679673455853,1.3921125056502428,1.266018202531936,0.7990356395731312,0.7769527827582837,0.7065782122403826
56,65_74|woman,6,1.2023320836935694,1.3872780327351681,1.418734333929878,0.6710343125528847,0.7742546120506064,0.7918107080193706
