item_idx,n_cells,n_option_units,n_direction_eligible,direction,amplification_bs,amplification_b0,amplification_bs_minus_b0,mean_observed_entropy,mean_b0_entropy,mean_bs_entropy,mean_observed_normalized_entropy,mean_b0_normalized_entropy,mean_bs_normalized_entropy,entropy_bs_minus_observed,entropy_bs_minus_b0,normalized_entropy_bs_minus_observed
1,34,204,204,0.39705882352941174,-0.013154118138782265,0.06297439625320514,-0.07612851439198741,1.2857071761548593,1.2354743830776658,1.3839682793290515,0.7175668376452233,0.6895313820274919,0.7724074035033887,0.09826110317419223,0.14849389625138576,0.054840565858165324
4,43,172,172,0.4883720930232558,0.09325717559600157,0.19577387660799372,-0.10251670101199216,0.7545122721015932,1.0599968345128514,0.934759357521204,0.5442655566254164,0.764626088254845,0.6742863447601971,0.18024708541961076,-0.12523747699164745,0.13002078813478068
7,9,27,27,0.5925925925925926,-0.09067667214186985,-0.1617885170195347,0.07111184487766485,0.8809583937363674,0.8808140178148627,0.9004163012517665,0.801882887005012,0.801751470377878,0.8195942376936055,0.01945790751539911,0.019602283436903845,0.01771135068859353
20,11,55,55,0.4909090909090909,-0.08031293862965745,-0.06740675316252694,-0.012906185467130515,1.281386203037524,1.204488870287661,1.1371333045669076,0.7961700126099096,0.7483910133979648,0.7065406473786346,-0.1442528984706164,-0.06735556572075341,-0.08962936523127496
21,8,32,32,0.46875,0.018007240389030225,0.2817982275329807,-0.2637909871439505,0.9040272204942248,0.8150588093822185,0.9797128062902882,0.6521177939178259,0.5879406511642948,0.7067134035652042,0.07568558579606344,0.1646539969080697,0.05459560964737831
25,15,105,105,0.4095238095238095,0.14865505662576578,0.10139596568475623,0.04725909094100955,1.0101050738167292,1.279682874232296,1.2645700713126438,0.5190913230536919,0.6576269078269349,0.6498604634579651,0.25446499749591456,-0.015112802919652335,0.13076914040427323
33,8,64,64,0.5,0.4054636733811053,-0.007494739706690856,0.41295841308779613,1.717457146405675,1.56957179314721,1.6440149194687859,0.8259223026862592,0.754804480764226,0.7906040571550287,-0.07344222693688907,0.0744431263215759,-0.03531824553123053
40,29,290,290,0.41379310344827586,0.3028352711205125,0.14170670161426815,0.16112856950624435,1.3571088546686378,1.396542620782703,1.5467268460205992,0.5893848869246314,0.6065107539486334,0.6717349342383667,0.18961799135196133,0.1501842252378962,0.0823500473137353
43,11,44,44,0.5454545454545454,0.0631772197602719,0.029556421039965107,0.03362079872030679,0.8531122537247003,1.2528587319160636,1.0272349220431105,0.6153904088851161,0.9037465397348701,0.7409933639297784,0.17412266831841017,-0.22562380987295305,0.12560295504466235
48,54,432,432,0.5115740740740741,0.16456301409745397,0.11462626323563924,0.04993675086181473,1.7538272134971318,1.8421496524482333,1.732154790658986,0.8434126078294736,0.8858867227207976,0.8329903755119266,-0.021672422838145744,-0.10999486178924722,-0.01042223231754702
53,43,129,129,0.5271317829457365,0.14270105993488413,0.0065571560849951,0.13614390384988903,0.8241304083415001,0.9096857311322278,0.86966968793683,0.7501558255284265,0.8280316363792684,0.7916074641684232,0.045539279595329885,-0.040016043195397866,0.04145163863999668
56,10,60,60,0.48333333333333334,0.07913401796213532,-0.0003350559600053195,0.07946907392214064,1.3462267965613532,1.323982453465958,1.373721030472545,0.7513434809089352,0.7389286766467437,0.766688305023657,0.027494233911191657,0.04973857700658679,0.015344824114721822
