metric,estimate,ci_low,ci_high,n_items,n_cells,n_option_units
direction,0.4708798017348203,0.4339791929480291,0.5068246751913958,12,275,1614
amplification_bs,0.14354567632978296,0.05903673885134112,0.2152945859135044,12,275,1614
amplification_b0,0.08679656006034753,0.032527127892031646,0.12725062095841655,12,275,1614
amplification_bs_minus_b0,0.056749116269435435,-0.025037653770338678,0.1184020745119385,12,275,1614
mean_observed_entropy,1.1878266659586518,0.9289861488437933,1.459942273773174,12,275,1614
mean_b0_entropy,1.2841765775826772,1.0564754700054513,1.5277921449233074,12,275,1614
mean_bs_entropy,1.2677970475146532,1.0273881185514364,1.5056182099434265,12,275,1614
mean_observed_normalized_entropy,0.7002257109213692,0.6182450538653732,0.7736551926907388,12,275,1614
mean_b0_normalized_entropy,0.76632717017017,0.6907695333216692,0.8240721505469005,12,275,1614
mean_bs_normalized_entropy,0.7507259302731109,0.7031841857894204,0.7923468330065936,12,275,1614
entropy_bs_minus_observed,0.07997038155600134,0.02087606191150495,0.14164809372842985,12,275,1614
entropy_bs_minus_b0,-0.016379530068024062,-0.08168429274191118,0.0722998025855317,12,275,1614
normalized_entropy_bs_minus_observed,0.05050021935174165,0.01483423275191819,0.08775213159415539,12,275,1614
