model_a,model_b,diff,ci_low,ci_high
ces25-sem-20k,ces25-sem-50k,0.0256,0.0223,0.0305
ces25-sem-20k,ces25-sem-100k,0.0187,0.0143,0.0244
ces25-sem-20k,ces25-fix-20k,0.0141,0.0106,0.0175
ces25-sem-20k,ces25-fix-50k,0.0364,0.0327,0.0414
ces25-sem-20k,ces25-fix-100k,0.0229,0.0184,0.0281
ces25-sem-20k,llama33-70b-base,-0.1113,-0.1189,-0.1078
ces25-sem-20k,modal-baseline,-0.3261,-0.3361,-0.3233
ces25-sem-50k,ces25-sem-100k,-0.0069,-0.0107,-0.0033
ces25-sem-50k,ces25-fix-20k,-0.0115,-0.0165,-0.0083
ces25-sem-50k,ces25-fix-50k,0.0108,0.0072,0.0138
ces25-sem-50k,ces25-fix-100k,-0.0027,-0.0071,0.001
ces25-sem-50k,llama33-70b-base,-0.1368,-0.1446,-0.135
ces25-sem-50k,modal-baseline,-0.3516,-0.3619,-0.3504
ces25-sem-100k,ces25-fix-20k,-0.0046,-0.01,-0.0006
ces25-sem-100k,ces25-fix-50k,0.0177,0.0137,0.0215
ces25-sem-100k,ces25-fix-100k,0.0042,0.0004,0.0075
ces25-sem-100k,llama33-70b-base,-0.13,-0.1375,-0.1282
ces25-sem-100k,modal-baseline,-0.3447,-0.3548,-0.3435
ces25-fix-20k,ces25-fix-50k,0.0223,0.0188,0.0271
ces25-fix-20k,ces25-fix-100k,0.0088,0.0047,0.0138
ces25-fix-20k,llama33-70b-base,-0.1254,-0.1331,-0.1218
ces25-fix-20k,modal-baseline,-0.3402,-0.35,-0.3374
ces25-fix-50k,ces25-fix-100k,-0.0135,-0.0176,-0.0096
ces25-fix-50k,llama33-70b-base,-0.1476,-0.1553,-0.1453
ces25-fix-50k,modal-baseline,-0.3624,-0.3723,-0.3609
ces25-fix-100k,llama33-70b-base,-0.1341,-0.1417,-0.1316
ces25-fix-100k,modal-baseline,-0.3489,-0.3587,-0.3474
llama33-70b-base,modal-baseline,-0.2148,-0.2223,-0.2105
