model,item,national_tv
ces25-fix-50k,spend_afford_h,0.0932
ces25-fix-50k,spend_nation_c,0.176
ces25-fix-50k,spend_defence,0.1638
ces25-fix-50k,spend_rec_indi,0.2352
ces25-fix-50k,pos_life,0.0819
ces25-fix-50k,pos_energy,0.1313
ces25-fix-50k,pos_jobs,0.1093
ces25-fix-50k,imm,0.2977
ces25-fix-50k,demsat,0.0976
ces25-fix-50k,own_fin_retro,0.1842
ces25-sem-50k,spend_afford_h,0.0805
ces25-sem-50k,spend_nation_c,0.1786
ces25-sem-50k,spend_defence,0.1503
ces25-sem-50k,spend_rec_indi,0.2781
ces25-sem-50k,pos_life,0.0657
ces25-sem-50k,pos_energy,0.1155
ces25-sem-50k,pos_jobs,0.0937
ces25-sem-50k,imm,0.3436
ces25-sem-50k,demsat,0.0518
ces25-sem-50k,own_fin_retro,0.2525
ces25-fix-100k,spend_afford_h,0.144
ces25-fix-100k,spend_nation_c,0.1123
ces25-fix-100k,spend_defence,0.2103
ces25-fix-100k,spend_rec_indi,0.1923
ces25-fix-100k,pos_life,0.0996
ces25-fix-100k,pos_energy,0.139
ces25-fix-100k,pos_jobs,0.1281
ces25-fix-100k,imm,0.3272
ces25-fix-100k,demsat,0.1406
ces25-fix-100k,own_fin_retro,0.2288
ces25-sem-100k,spend_afford_h,0.1436
ces25-sem-100k,spend_nation_c,0.1012
ces25-sem-100k,spend_defence,0.216
ces25-sem-100k,spend_rec_indi,0.2033
ces25-sem-100k,pos_life,0.1117
ces25-sem-100k,pos_energy,0.1184
ces25-sem-100k,pos_jobs,0.1053
ces25-sem-100k,imm,0.3553
ces25-sem-100k,demsat,0.1456
ces25-sem-100k,own_fin_retro,0.2754
ces25-fix-20k,spend_afford_h,0.154
ces25-fix-20k,spend_nation_c,0.1586
ces25-fix-20k,spend_defence,0.2463
ces25-fix-20k,spend_rec_indi,0.1634
ces25-fix-20k,pos_life,0.0988
ces25-fix-20k,pos_energy,0.2135
ces25-fix-20k,pos_jobs,0.163
ces25-fix-20k,imm,0.3144
ces25-fix-20k,demsat,0.0798
ces25-fix-20k,own_fin_retro,0.2444
ces25-sem-20k,spend_afford_h,0.0756
ces25-sem-20k,spend_nation_c,0.2166
ces25-sem-20k,spend_defence,0.2557
ces25-sem-20k,spend_rec_indi,0.2949
ces25-sem-20k,pos_life,0.0881
ces25-sem-20k,pos_energy,0.1595
ces25-sem-20k,pos_jobs,0.1719
ces25-sem-20k,imm,0.2705
ces25-sem-20k,demsat,0.1141
ces25-sem-20k,own_fin_retro,0.297
llama33-70b-base,spend_afford_h,0.1355
llama33-70b-base,spend_nation_c,0.3979
llama33-70b-base,spend_defence,0.2135
llama33-70b-base,spend_rec_indi,0.4331
llama33-70b-base,pos_life,0.2656
llama33-70b-base,pos_energy,0.3769
llama33-70b-base,pos_jobs,0.3877
llama33-70b-base,imm,0.2964
llama33-70b-base,demsat,0.2706
llama33-70b-base,own_fin_retro,0.1789
ces2021-persistence,spend_afford_h,0.0589
ces2021-persistence,spend_nation_c,0.0791
ces2021-persistence,spend_defence,0.3249
ces2021-persistence,spend_rec_indi,0.1649
ces2021-persistence,pos_life,0.0647
ces2021-persistence,pos_energy,0.1347
ces2021-persistence,pos_jobs,0.1076
ces2021-persistence,imm,0.3077
ces2021-persistence,demsat,0.0416
ces2021-persistence,own_fin_retro,0.1251
