model,mean,BC,Prairies,ON,QC,Atlantic,18-34,35-54,55+
ces2021-persistence,0.1513,0.14,0.1395,0.1546,0.1659,0.1563,0.1568,0.1395,0.1575
ces25-fix-100k,0.191,0.1753,0.1905,0.1827,0.1946,0.212,0.1887,0.1928,0.1916
ces25-fix-20k,0.1998,0.1807,0.1888,0.1942,0.2161,0.2191,0.2007,0.1957,0.2029
ces25-fix-50k,0.1775,0.1716,0.1722,0.1694,0.1784,0.1958,0.1815,0.1748,0.1761
ces25-sem-100k,0.1952,0.1795,0.1997,0.1909,0.1966,0.2094,0.1889,0.2017,0.195
ces25-sem-20k,0.2139,0.203,0.199,0.2098,0.2281,0.2295,0.2097,0.2089,0.2231
ces25-sem-50k,0.1883,0.1771,0.1716,0.1777,0.2061,0.2091,0.1881,0.1859,0.1908
human-floor,0.0622,0.0665,0.0575,0.0395,0.0481,0.0992,0.074,0.0607,0.0518
llama33-70b-base,0.3251,0.3293,0.2959,0.3309,0.3007,0.3689,0.3333,0.3301,0.3121
modal-baseline,0.5399,0.554,0.5457,0.5401,0.5146,0.5454,0.5739,0.5547,0.4912
national-baseline,0.0851,0.0784,0.0915,0.0741,0.0879,0.0937,0.0987,0.0662,0.0905
