model,cell,item,tv,human_n,human_n_eff,model_valid_n,invalid_rate
ces25-fix-50k,BC|18-34,spend_afford_h,0.1144,286,231.7,996.0,0.004
ces25-fix-50k,BC|18-34,spend_nation_c,0.0943,314,262.6,993.0,0.007
ces25-fix-50k,BC|18-34,spend_defence,0.1057,600,493.3,994.0,0.006
ces25-fix-50k,BC|18-34,spend_rec_indi,0.1891,600,493.3,993.0,0.007
ces25-fix-50k,BC|18-34,pos_life,0.1429,210,170.1,998.0,0.002
ces25-fix-50k,BC|18-34,pos_energy,0.2724,193,160.5,999.0,0.001
ces25-fix-50k,BC|18-34,pos_jobs,0.2065,193,160.5,997.0,0.003
ces25-fix-50k,BC|18-34,imm,0.2293,600,493.3,1000.0,0.0
ces25-fix-50k,BC|18-34,demsat,0.173,600,493.3,997.0,0.003
ces25-fix-50k,BC|18-34,own_fin_retro,0.2003,600,493.3,997.0,0.003
ces25-fix-50k,BC|35-54,spend_afford_h,0.06,396,339.8,993.0,0.007
ces25-fix-50k,BC|35-54,spend_nation_c,0.1507,475,404.4,994.0,0.006
ces25-fix-50k,BC|35-54,spend_defence,0.1192,871,744.2,992.0,0.008
ces25-fix-50k,BC|35-54,spend_rec_indi,0.3067,871,744.2,991.0,0.009
ces25-fix-50k,BC|35-54,pos_life,0.1276,286,244.9,998.0,0.002
ces25-fix-50k,BC|35-54,pos_energy,0.1612,310,264.7,1000.0,0.0
ces25-fix-50k,BC|35-54,pos_jobs,0.2025,310,264.7,999.0,0.001
ces25-fix-50k,BC|35-54,imm,0.2584,871,744.2,999.0,0.001
ces25-fix-50k,BC|35-54,demsat,0.1309,871,744.2,999.0,0.001
ces25-fix-50k,BC|35-54,own_fin_retro,0.249,871,744.2,995.0,0.005
ces25-fix-50k,BC|55+,spend_afford_h,0.0331,644,518.2,992.0,0.008
ces25-fix-50k,BC|55+,spend_nation_c,0.2059,623,477.0,997.0,0.003
ces25-fix-50k,BC|55+,spend_defence,0.2907,1267,993.2,995.0,0.005
ces25-fix-50k,BC|55+,spend_rec_indi,0.2913,1267,993.2,990.0,0.01
ces25-fix-50k,BC|55+,pos_life,0.0836,433,338.1,999.0,0.001
ces25-fix-50k,BC|55+,pos_energy,0.1088,430,342.2,1000.0,0.0
ces25-fix-50k,BC|55+,pos_jobs,0.1382,430,342.2,998.0,0.002
ces25-fix-50k,BC|55+,imm,0.1682,1267,993.2,999.0,0.001
ces25-fix-50k,BC|55+,demsat,0.1478,1267,993.2,1000.0,0.0
ces25-fix-50k,BC|55+,own_fin_retro,0.1862,1267,993.2,995.0,0.005
ces25-fix-50k,Prairies|18-34,spend_afford_h,0.132,490,397.0,994.0,0.006
ces25-fix-50k,Prairies|18-34,spend_nation_c,0.1845,444,362.0,998.0,0.002
ces25-fix-50k,Prairies|18-34,spend_defence,0.0453,934,759.0,985.0,0.015
ces25-fix-50k,Prairies|18-34,spend_rec_indi,0.2033,934,759.0,986.0,0.014
ces25-fix-50k,Prairies|18-34,pos_life,0.2085,336,271.5,998.0,0.002
ces25-fix-50k,Prairies|18-34,pos_energy,0.2269,286,232.8,1000.0,0.0
ces25-fix-50k,Prairies|18-34,pos_jobs,0.1575,286,232.8,998.0,0.002
ces25-fix-50k,Prairies|18-34,imm,0.2822,934,759.0,996.0,0.004
ces25-fix-50k,Prairies|18-34,demsat,0.1394,934,759.0,999.0,0.001
ces25-fix-50k,Prairies|18-34,own_fin_retro,0.2092,934,759.0,994.0,0.006
ces25-fix-50k,Prairies|35-54,spend_afford_h,0.0945,586,487.9,996.0,0.004
ces25-fix-50k,Prairies|35-54,spend_nation_c,0.1616,659,557.7,996.0,0.004
ces25-fix-50k,Prairies|35-54,spend_defence,0.1412,1245,1045.5,989.0,0.011
ces25-fix-50k,Prairies|35-54,spend_rec_indi,0.2138,1245,1045.5,990.0,0.01
ces25-fix-50k,Prairies|35-54,pos_life,0.1386,437,367.0,998.0,0.002
ces25-fix-50k,Prairies|35-54,pos_energy,0.116,407,341.1,998.0,0.002
ces25-fix-50k,Prairies|35-54,pos_jobs,0.1168,407,341.1,999.0,0.001
ces25-fix-50k,Prairies|35-54,imm,0.2848,1245,1045.5,998.0,0.002
ces25-fix-50k,Prairies|35-54,demsat,0.1082,1245,1045.5,998.0,0.002
ces25-fix-50k,Prairies|35-54,own_fin_retro,0.2536,1245,1045.5,994.0,0.006
ces25-fix-50k,Prairies|55+,spend_afford_h,0.088,672,520.0,988.0,0.012
ces25-fix-50k,Prairies|55+,spend_nation_c,0.2009,717,577.1,992.0,0.008
ces25-fix-50k,Prairies|55+,spend_defence,0.2902,1389,1095.8,995.0,0.005
ces25-fix-50k,Prairies|55+,spend_rec_indi,0.2548,1389,1095.8,991.0,0.009
ces25-fix-50k,Prairies|55+,pos_life,0.0928,456,353.9,997.0,0.003
ces25-fix-50k,Prairies|55+,pos_energy,0.0731,455,360.2,1000.0,0.0
ces25-fix-50k,Prairies|55+,pos_jobs,0.1282,455,360.2,999.0,0.001
ces25-fix-50k,Prairies|55+,imm,0.2653,1389,1095.8,999.0,0.001
ces25-fix-50k,Prairies|55+,demsat,0.1229,1389,1095.8,998.0,0.002
ces25-fix-50k,Prairies|55+,own_fin_retro,0.2315,1389,1095.8,998.0,0.002
ces25-fix-50k,ON|18-34,spend_afford_h,0.1161,970,789.6,995.0,0.005
ces25-fix-50k,ON|18-34,spend_nation_c,0.1347,948,775.6,998.0,0.002
ces25-fix-50k,ON|18-34,spend_defence,0.0659,1918,1565.2,994.0,0.006
ces25-fix-50k,ON|18-34,spend_rec_indi,0.2197,1918,1565.2,986.0,0.014
ces25-fix-50k,ON|18-34,pos_life,0.2046,658,537.4,998.0,0.002
ces25-fix-50k,ON|18-34,pos_energy,0.2334,602,492.2,999.0,0.001
ces25-fix-50k,ON|18-34,pos_jobs,0.1406,602,492.2,1000.0,0.0
ces25-fix-50k,ON|18-34,imm,0.3246,1918,1565.2,998.0,0.002
ces25-fix-50k,ON|18-34,demsat,0.1233,1918,1565.2,996.0,0.004
ces25-fix-50k,ON|18-34,own_fin_retro,0.2411,1918,1565.2,996.0,0.004
ces25-fix-50k,ON|35-54,spend_afford_h,0.1001,1314,1130.6,994.0,0.006
ces25-fix-50k,ON|35-54,spend_nation_c,0.1902,1214,1032.5,994.0,0.006
ces25-fix-50k,ON|35-54,spend_defence,0.1046,2528,2162.7,986.0,0.014
ces25-fix-50k,ON|35-54,spend_rec_indi,0.2051,2528,2162.7,985.0,0.015
ces25-fix-50k,ON|35-54,pos_life,0.1513,864,744.0,1000.0,0.0
ces25-fix-50k,ON|35-54,pos_energy,0.1451,799,686.3,998.0,0.002
ces25-fix-50k,ON|35-54,pos_jobs,0.1173,799,686.3,998.0,0.002
ces25-fix-50k,ON|35-54,imm,0.3175,2528,2162.7,998.0,0.002
ces25-fix-50k,ON|35-54,demsat,0.083,2528,2162.7,999.0,0.001
ces25-fix-50k,ON|35-54,own_fin_retro,0.253,2528,2162.7,993.0,0.007
ces25-fix-50k,ON|55+,spend_afford_h,0.0988,1626,1272.6,999.0,0.001
ces25-fix-50k,ON|55+,spend_nation_c,0.2267,1565,1248.1,998.0,0.002
ces25-fix-50k,ON|55+,spend_defence,0.3003,3191,2520.6,984.0,0.016
ces25-fix-50k,ON|55+,spend_rec_indi,0.1744,3191,2520.6,991.0,0.009
ces25-fix-50k,ON|55+,pos_life,0.0508,1035,824.6,1000.0,0.0
ces25-fix-50k,ON|55+,pos_energy,0.1314,1065,849.3,998.0,0.002
ces25-fix-50k,ON|55+,pos_jobs,0.1319,1065,849.3,998.0,0.002
ces25-fix-50k,ON|55+,imm,0.2118,3191,2520.6,996.0,0.004
ces25-fix-50k,ON|55+,demsat,0.148,3191,2520.6,999.0,0.001
ces25-fix-50k,ON|55+,own_fin_retro,0.1375,3191,2520.6,997.0,0.003
ces25-fix-50k,QC|18-34,spend_afford_h,0.0853,608,505.4,980.0,0.02
ces25-fix-50k,QC|18-34,spend_nation_c,0.0805,632,525.7,983.0,0.017
ces25-fix-50k,QC|18-34,spend_defence,0.0961,1240,1030.8,980.0,0.02
ces25-fix-50k,QC|18-34,spend_rec_indi,0.2816,1240,1030.8,980.0,0.02
ces25-fix-50k,QC|18-34,pos_life,0.1081,436,365.0,998.0,0.002
ces25-fix-50k,QC|18-34,pos_energy,0.1865,413,343.5,997.0,0.003
ces25-fix-50k,QC|18-34,pos_jobs,0.1442,413,343.5,998.0,0.002
ces25-fix-50k,QC|18-34,imm,0.3792,1240,1030.8,995.0,0.005
ces25-fix-50k,QC|18-34,demsat,0.0881,1240,1030.8,999.0,0.001
ces25-fix-50k,QC|18-34,own_fin_retro,0.1698,1240,1030.8,999.0,0.001
ces25-fix-50k,QC|35-54,spend_afford_h,0.0856,774,651.1,981.0,0.019
ces25-fix-50k,QC|35-54,spend_nation_c,0.2066,826,688.9,987.0,0.013
ces25-fix-50k,QC|35-54,spend_defence,0.0695,1600,1339.5,969.0,0.031
ces25-fix-50k,QC|35-54,spend_rec_indi,0.2957,1600,1339.5,978.0,0.022
ces25-fix-50k,QC|35-54,pos_life,0.2,543,456.5,997.0,0.003
ces25-fix-50k,QC|35-54,pos_energy,0.1202,584,485.5,998.0,0.002
ces25-fix-50k,QC|35-54,pos_jobs,0.087,584,485.5,999.0,0.001
ces25-fix-50k,QC|35-54,imm,0.4373,1600,1339.5,994.0,0.006
ces25-fix-50k,QC|35-54,demsat,0.0726,1600,1339.5,999.0,0.001
ces25-fix-50k,QC|35-54,own_fin_retro,0.17,1600,1339.5,997.0,0.003
ces25-fix-50k,QC|55+,spend_afford_h,0.1264,1030,811.2,975.0,0.025
ces25-fix-50k,QC|55+,spend_nation_c,0.2793,1036,823.9,975.0,0.025
ces25-fix-50k,QC|55+,spend_defence,0.2299,2066,1635.0,970.0,0.03
ces25-fix-50k,QC|55+,spend_rec_indi,0.2913,2066,1635.0,965.0,0.035
ces25-fix-50k,QC|55+,pos_life,0.2006,670,528.8,997.0,0.003
ces25-fix-50k,QC|55+,pos_energy,0.1109,693,542.4,995.0,0.005
ces25-fix-50k,QC|55+,pos_jobs,0.1717,693,542.4,1000.0,0.0
ces25-fix-50k,QC|55+,imm,0.4112,2066,1635.0,996.0,0.004
ces25-fix-50k,QC|55+,demsat,0.0922,2066,1635.0,998.0,0.002
ces25-fix-50k,QC|55+,own_fin_retro,0.0755,2066,1635.0,998.0,0.002
ces25-fix-50k,Atlantic|18-34,spend_afford_h,0.1257,148,123.0,996.0,0.004
ces25-fix-50k,Atlantic|18-34,spend_nation_c,0.1739,129,101.5,996.0,0.004
ces25-fix-50k,Atlantic|18-34,spend_defence,0.1117,277,223.5,985.0,0.015
ces25-fix-50k,Atlantic|18-34,spend_rec_indi,0.2332,277,223.5,993.0,0.007
ces25-fix-50k,Atlantic|18-34,pos_life,0.2279,90,74.3,998.0,0.002
ces25-fix-50k,Atlantic|18-34,pos_energy,0.2953,96,77.1,998.0,0.002
ces25-fix-50k,Atlantic|18-34,pos_jobs,0.1942,96,77.1,998.0,0.002
ces25-fix-50k,Atlantic|18-34,imm,0.3672,277,223.5,999.0,0.001
ces25-fix-50k,Atlantic|18-34,demsat,0.1415,277,223.5,995.0,0.005
ces25-fix-50k,Atlantic|18-34,own_fin_retro,0.2659,277,223.5,991.0,0.009
ces25-fix-50k,Atlantic|35-54,spend_afford_h,0.1536,192,163.8,994.0,0.006
ces25-fix-50k,Atlantic|35-54,spend_nation_c,0.1902,212,177.0,998.0,0.002
ces25-fix-50k,Atlantic|35-54,spend_defence,0.1574,404,339.6,988.0,0.012
ces25-fix-50k,Atlantic|35-54,spend_rec_indi,0.232,404,339.6,990.0,0.01
ces25-fix-50k,Atlantic|35-54,pos_life,0.0766,127,107.7,998.0,0.002
ces25-fix-50k,Atlantic|35-54,pos_energy,0.2332,137,111.2,998.0,0.002
ces25-fix-50k,Atlantic|35-54,pos_jobs,0.2221,137,111.2,998.0,0.002
ces25-fix-50k,Atlantic|35-54,imm,0.3139,404,339.6,997.0,0.003
ces25-fix-50k,Atlantic|35-54,demsat,0.112,404,339.6,998.0,0.002
ces25-fix-50k,Atlantic|35-54,own_fin_retro,0.2428,404,339.6,998.0,0.002
ces25-fix-50k,Atlantic|55+,spend_afford_h,0.1182,296,244.7,996.0,0.004
ces25-fix-50k,Atlantic|55+,spend_nation_c,0.1861,293,225.6,994.0,0.006
ces25-fix-50k,Atlantic|55+,spend_defence,0.3477,589,469.9,995.0,0.005
ces25-fix-50k,Atlantic|55+,spend_rec_indi,0.2809,589,469.9,990.0,0.01
ces25-fix-50k,Atlantic|55+,pos_life,0.056,182,153.4,1000.0,0.0
ces25-fix-50k,Atlantic|55+,pos_energy,0.1919,211,162.9,999.0,0.001
ces25-fix-50k,Atlantic|55+,pos_jobs,0.0712,211,162.9,999.0,0.001
ces25-fix-50k,Atlantic|55+,imm,0.2127,589,469.9,997.0,0.003
ces25-fix-50k,Atlantic|55+,demsat,0.1503,589,469.9,1000.0,0.0
ces25-fix-50k,Atlantic|55+,own_fin_retro,0.1897,589,469.9,996.0,0.004
ces25-sem-50k,BC|18-34,spend_afford_h,0.1259,286,231.7,992.0,0.008
ces25-sem-50k,BC|18-34,spend_nation_c,0.1186,314,262.6,996.0,0.004
ces25-sem-50k,BC|18-34,spend_defence,0.0897,600,493.3,984.0,0.016
ces25-sem-50k,BC|18-34,spend_rec_indi,0.2209,600,493.3,982.0,0.018
ces25-sem-50k,BC|18-34,pos_life,0.1046,210,170.1,997.0,0.003
ces25-sem-50k,BC|18-34,pos_energy,0.2218,193,160.5,997.0,0.003
ces25-sem-50k,BC|18-34,pos_jobs,0.1981,193,160.5,999.0,0.001
ces25-sem-50k,BC|18-34,imm,0.2716,600,493.3,993.0,0.007
ces25-sem-50k,BC|18-34,demsat,0.1421,600,493.3,996.0,0.004
ces25-sem-50k,BC|18-34,own_fin_retro,0.2604,600,493.3,990.0,0.01
ces25-sem-50k,BC|35-54,spend_afford_h,0.0524,396,339.8,987.0,0.013
ces25-sem-50k,BC|35-54,spend_nation_c,0.182,475,404.4,989.0,0.011
ces25-sem-50k,BC|35-54,spend_defence,0.1159,871,744.2,989.0,0.011
ces25-sem-50k,BC|35-54,spend_rec_indi,0.3671,871,744.2,986.0,0.014
ces25-sem-50k,BC|35-54,pos_life,0.0587,286,244.9,999.0,0.001
ces25-sem-50k,BC|35-54,pos_energy,0.1355,310,264.7,997.0,0.003
ces25-sem-50k,BC|35-54,pos_jobs,0.202,310,264.7,998.0,0.002
ces25-sem-50k,BC|35-54,imm,0.3035,871,744.2,999.0,0.001
ces25-sem-50k,BC|35-54,demsat,0.0923,871,744.2,998.0,0.002
ces25-sem-50k,BC|35-54,own_fin_retro,0.2804,871,744.2,993.0,0.007
ces25-sem-50k,BC|55+,spend_afford_h,0.0325,644,518.2,989.0,0.011
ces25-sem-50k,BC|55+,spend_nation_c,0.191,623,477.0,989.0,0.011
ces25-sem-50k,BC|55+,spend_defence,0.2683,1267,993.2,975.0,0.025
ces25-sem-50k,BC|55+,spend_rec_indi,0.3735,1267,993.2,981.0,0.019
ces25-sem-50k,BC|55+,pos_life,0.1412,433,338.1,998.0,0.002
ces25-sem-50k,BC|55+,pos_energy,0.1091,430,342.2,998.0,0.002
ces25-sem-50k,BC|55+,pos_jobs,0.1304,430,342.2,993.0,0.007
ces25-sem-50k,BC|55+,imm,0.198,1267,993.2,996.0,0.004
ces25-sem-50k,BC|55+,demsat,0.0935,1267,993.2,996.0,0.004
ces25-sem-50k,BC|55+,own_fin_retro,0.2314,1267,993.2,995.0,0.005
ces25-sem-50k,Prairies|18-34,spend_afford_h,0.1233,490,397.0,987.0,0.013
ces25-sem-50k,Prairies|18-34,spend_nation_c,0.1581,444,362.0,990.0,0.01
ces25-sem-50k,Prairies|18-34,spend_defence,0.0776,934,759.0,978.0,0.022
ces25-sem-50k,Prairies|18-34,spend_rec_indi,0.2383,934,759.0,981.0,0.019
ces25-sem-50k,Prairies|18-34,pos_life,0.1389,336,271.5,1000.0,0.0
ces25-sem-50k,Prairies|18-34,pos_energy,0.1664,286,232.8,999.0,0.001
ces25-sem-50k,Prairies|18-34,pos_jobs,0.1454,286,232.8,996.0,0.004
ces25-sem-50k,Prairies|18-34,imm,0.3066,934,759.0,994.0,0.006
ces25-sem-50k,Prairies|18-34,demsat,0.0719,934,759.0,997.0,0.003
ces25-sem-50k,Prairies|18-34,own_fin_retro,0.2681,934,759.0,986.0,0.014
ces25-sem-50k,Prairies|35-54,spend_afford_h,0.0806,586,487.9,984.0,0.016
ces25-sem-50k,Prairies|35-54,spend_nation_c,0.1492,659,557.7,985.0,0.015
ces25-sem-50k,Prairies|35-54,spend_defence,0.1173,1245,1045.5,978.0,0.022
ces25-sem-50k,Prairies|35-54,spend_rec_indi,0.25,1245,1045.5,985.0,0.015
ces25-sem-50k,Prairies|35-54,pos_life,0.1048,437,367.0,997.0,0.003
ces25-sem-50k,Prairies|35-54,pos_energy,0.0725,407,341.1,997.0,0.003
ces25-sem-50k,Prairies|35-54,pos_jobs,0.0823,407,341.1,998.0,0.002
ces25-sem-50k,Prairies|35-54,imm,0.369,1245,1045.5,998.0,0.002
ces25-sem-50k,Prairies|35-54,demsat,0.1437,1245,1045.5,995.0,0.005
ces25-sem-50k,Prairies|35-54,own_fin_retro,0.3196,1245,1045.5,992.0,0.008
ces25-sem-50k,Prairies|55+,spend_afford_h,0.0596,672,520.0,983.0,0.017
ces25-sem-50k,Prairies|55+,spend_nation_c,0.2164,717,577.1,990.0,0.01
ces25-sem-50k,Prairies|55+,spend_defence,0.2571,1389,1095.8,984.0,0.016
ces25-sem-50k,Prairies|55+,spend_rec_indi,0.3076,1389,1095.8,984.0,0.016
ces25-sem-50k,Prairies|55+,pos_life,0.0985,456,353.9,996.0,0.004
ces25-sem-50k,Prairies|55+,pos_energy,0.0721,455,360.2,998.0,0.002
ces25-sem-50k,Prairies|55+,pos_jobs,0.1008,455,360.2,996.0,0.004
ces25-sem-50k,Prairies|55+,imm,0.2853,1389,1095.8,999.0,0.001
ces25-sem-50k,Prairies|55+,demsat,0.0994,1389,1095.8,996.0,0.004
ces25-sem-50k,Prairies|55+,own_fin_retro,0.2663,1389,1095.8,991.0,0.009
ces25-sem-50k,ON|18-34,spend_afford_h,0.126,970,789.6,992.0,0.008
ces25-sem-50k,ON|18-34,spend_nation_c,0.167,948,775.6,991.0,0.009
ces25-sem-50k,ON|18-34,spend_defence,0.0679,1918,1565.2,980.0,0.02
ces25-sem-50k,ON|18-34,spend_rec_indi,0.236,1918,1565.2,986.0,0.014
ces25-sem-50k,ON|18-34,pos_life,0.1771,658,537.4,996.0,0.004
ces25-sem-50k,ON|18-34,pos_energy,0.1971,602,492.2,998.0,0.002
ces25-sem-50k,ON|18-34,pos_jobs,0.1263,602,492.2,998.0,0.002
ces25-sem-50k,ON|18-34,imm,0.4172,1918,1565.2,996.0,0.004
ces25-sem-50k,ON|18-34,demsat,0.0878,1918,1565.2,995.0,0.005
ces25-sem-50k,ON|18-34,own_fin_retro,0.3073,1918,1565.2,990.0,0.01
ces25-sem-50k,ON|35-54,spend_afford_h,0.0495,1314,1130.6,985.0,0.015
ces25-sem-50k,ON|35-54,spend_nation_c,0.1806,1214,1032.5,988.0,0.012
ces25-sem-50k,ON|35-54,spend_defence,0.0762,2528,2162.7,984.0,0.016
ces25-sem-50k,ON|35-54,spend_rec_indi,0.2264,2528,2162.7,985.0,0.015
ces25-sem-50k,ON|35-54,pos_life,0.1368,864,744.0,997.0,0.003
ces25-sem-50k,ON|35-54,pos_energy,0.1377,799,686.3,996.0,0.004
ces25-sem-50k,ON|35-54,pos_jobs,0.1198,799,686.3,997.0,0.003
ces25-sem-50k,ON|35-54,imm,0.3558,2528,2162.7,996.0,0.004
ces25-sem-50k,ON|35-54,demsat,0.0891,2528,2162.7,997.0,0.003
ces25-sem-50k,ON|35-54,own_fin_retro,0.3369,2528,2162.7,995.0,0.005
ces25-sem-50k,ON|55+,spend_afford_h,0.1217,1626,1272.6,987.0,0.013
ces25-sem-50k,ON|55+,spend_nation_c,0.2114,1565,1248.1,988.0,0.012
ces25-sem-50k,ON|55+,spend_defence,0.2795,3191,2520.6,987.0,0.013
ces25-sem-50k,ON|55+,spend_rec_indi,0.2077,3191,2520.6,991.0,0.009
ces25-sem-50k,ON|55+,pos_life,0.0476,1035,824.6,997.0,0.003
ces25-sem-50k,ON|55+,pos_energy,0.1435,1065,849.3,999.0,0.001
ces25-sem-50k,ON|55+,pos_jobs,0.1238,1065,849.3,997.0,0.003
ces25-sem-50k,ON|55+,imm,0.2765,3191,2520.6,997.0,0.003
ces25-sem-50k,ON|55+,demsat,0.0921,3191,2520.6,995.0,0.005
ces25-sem-50k,ON|55+,own_fin_retro,0.2074,3191,2520.6,995.0,0.005
ces25-sem-50k,QC|18-34,spend_afford_h,0.0885,608,505.4,983.0,0.017
ces25-sem-50k,QC|18-34,spend_nation_c,0.137,632,525.7,985.0,0.015
ces25-sem-50k,QC|18-34,spend_defence,0.0787,1240,1030.8,959.0,0.041
ces25-sem-50k,QC|18-34,spend_rec_indi,0.3133,1240,1030.8,980.0,0.02
ces25-sem-50k,QC|18-34,pos_life,0.1526,436,365.0,996.0,0.004
ces25-sem-50k,QC|18-34,pos_energy,0.141,413,343.5,999.0,0.001
ces25-sem-50k,QC|18-34,pos_jobs,0.1485,413,343.5,998.0,0.002
ces25-sem-50k,QC|18-34,imm,0.4248,1240,1030.8,990.0,0.01
ces25-sem-50k,QC|18-34,demsat,0.0628,1240,1030.8,996.0,0.004
ces25-sem-50k,QC|18-34,own_fin_retro,0.2256,1240,1030.8,996.0,0.004
ces25-sem-50k,QC|35-54,spend_afford_h,0.0791,774,651.1,979.0,0.021
ces25-sem-50k,QC|35-54,spend_nation_c,0.213,826,688.9,981.0,0.019
ces25-sem-50k,QC|35-54,spend_defence,0.0696,1600,1339.5,961.0,0.039
ces25-sem-50k,QC|35-54,spend_rec_indi,0.3926,1600,1339.5,980.0,0.02
ces25-sem-50k,QC|35-54,pos_life,0.2116,543,456.5,995.0,0.005
ces25-sem-50k,QC|35-54,pos_energy,0.1533,584,485.5,998.0,0.002
ces25-sem-50k,QC|35-54,pos_jobs,0.092,584,485.5,997.0,0.003
ces25-sem-50k,QC|35-54,imm,0.4799,1600,1339.5,986.0,0.014
ces25-sem-50k,QC|35-54,demsat,0.1022,1600,1339.5,997.0,0.003
ces25-sem-50k,QC|35-54,own_fin_retro,0.25,1600,1339.5,996.0,0.004
ces25-sem-50k,QC|55+,spend_afford_h,0.1301,1030,811.2,976.0,0.024
ces25-sem-50k,QC|55+,spend_nation_c,0.3378,1036,823.9,986.0,0.014
ces25-sem-50k,QC|55+,spend_defence,0.2276,2066,1635.0,962.0,0.038
ces25-sem-50k,QC|55+,spend_rec_indi,0.3705,2066,1635.0,979.0,0.021
ces25-sem-50k,QC|55+,pos_life,0.2386,670,528.8,997.0,0.003
ces25-sem-50k,QC|55+,pos_energy,0.1762,693,542.4,997.0,0.003
ces25-sem-50k,QC|55+,pos_jobs,0.1614,693,542.4,996.0,0.004
ces25-sem-50k,QC|55+,imm,0.4355,2066,1635.0,986.0,0.014
ces25-sem-50k,QC|55+,demsat,0.0758,2066,1635.0,994.0,0.006
ces25-sem-50k,QC|55+,own_fin_retro,0.2142,2066,1635.0,1000.0,0.0
ces25-sem-50k,Atlantic|18-34,spend_afford_h,0.1089,148,123.0,990.0,0.01
ces25-sem-50k,Atlantic|18-34,spend_nation_c,0.2066,129,101.5,986.0,0.014
ces25-sem-50k,Atlantic|18-34,spend_defence,0.106,277,223.5,981.0,0.019
ces25-sem-50k,Atlantic|18-34,spend_rec_indi,0.2815,277,223.5,988.0,0.012
ces25-sem-50k,Atlantic|18-34,pos_life,0.182,90,74.3,999.0,0.001
ces25-sem-50k,Atlantic|18-34,pos_energy,0.2801,96,77.1,997.0,0.003
ces25-sem-50k,Atlantic|18-34,pos_jobs,0.2049,96,77.1,997.0,0.003
ces25-sem-50k,Atlantic|18-34,imm,0.4126,277,223.5,997.0,0.003
ces25-sem-50k,Atlantic|18-34,demsat,0.1523,277,223.5,996.0,0.004
ces25-sem-50k,Atlantic|18-34,own_fin_retro,0.3407,277,223.5,988.0,0.012
ces25-sem-50k,Atlantic|35-54,spend_afford_h,0.1453,192,163.8,988.0,0.012
ces25-sem-50k,Atlantic|35-54,spend_nation_c,0.1923,212,177.0,991.0,0.009
ces25-sem-50k,Atlantic|35-54,spend_defence,0.1079,404,339.6,974.0,0.026
ces25-sem-50k,Atlantic|35-54,spend_rec_indi,0.279,404,339.6,979.0,0.021
ces25-sem-50k,Atlantic|35-54,pos_life,0.063,127,107.7,997.0,0.003
ces25-sem-50k,Atlantic|35-54,pos_energy,0.2268,137,111.2,999.0,0.001
ces25-sem-50k,Atlantic|35-54,pos_jobs,0.2056,137,111.2,999.0,0.001
ces25-sem-50k,Atlantic|35-54,imm,0.359,404,339.6,997.0,0.003
ces25-sem-50k,Atlantic|35-54,demsat,0.1455,404,339.6,996.0,0.004
ces25-sem-50k,Atlantic|35-54,own_fin_retro,0.3422,404,339.6,994.0,0.006
ces25-sem-50k,Atlantic|55+,spend_afford_h,0.095,296,244.7,986.0,0.014
ces25-sem-50k,Atlantic|55+,spend_nation_c,0.2245,293,225.6,991.0,0.009
ces25-sem-50k,Atlantic|55+,spend_defence,0.3161,589,469.9,986.0,0.014
ces25-sem-50k,Atlantic|55+,spend_rec_indi,0.368,589,469.9,984.0,0.016
ces25-sem-50k,Atlantic|55+,pos_life,0.0506,182,153.4,998.0,0.002
ces25-sem-50k,Atlantic|55+,pos_energy,0.1692,211,162.9,999.0,0.001
ces25-sem-50k,Atlantic|55+,pos_jobs,0.0902,211,162.9,997.0,0.003
ces25-sem-50k,Atlantic|55+,imm,0.291,589,469.9,1000.0,0.0
ces25-sem-50k,Atlantic|55+,demsat,0.0993,589,469.9,994.0,0.006
ces25-sem-50k,Atlantic|55+,own_fin_retro,0.2276,589,469.9,995.0,0.005
ces25-fix-100k,BC|18-34,spend_afford_h,0.1851,286,231.7,995.0,0.005
ces25-fix-100k,BC|18-34,spend_nation_c,0.0838,314,262.6,997.0,0.003
ces25-fix-100k,BC|18-34,spend_defence,0.1205,600,493.3,998.0,0.002
ces25-fix-100k,BC|18-34,spend_rec_indi,0.1363,600,493.3,994.0,0.006
ces25-fix-100k,BC|18-34,pos_life,0.1355,210,170.1,999.0,0.001
ces25-fix-100k,BC|18-34,pos_energy,0.227,193,160.5,997.0,0.003
ces25-fix-100k,BC|18-34,pos_jobs,0.1476,193,160.5,996.0,0.004
ces25-fix-100k,BC|18-34,imm,0.2675,600,493.3,998.0,0.002
ces25-fix-100k,BC|18-34,demsat,0.1466,600,493.3,999.0,0.001
ces25-fix-100k,BC|18-34,own_fin_retro,0.2073,600,493.3,997.0,0.003
ces25-fix-100k,BC|35-54,spend_afford_h,0.0876,396,339.8,998.0,0.002
ces25-fix-100k,BC|35-54,spend_nation_c,0.1417,475,404.4,994.0,0.006
ces25-fix-100k,BC|35-54,spend_defence,0.158,871,744.2,998.0,0.002
ces25-fix-100k,BC|35-54,spend_rec_indi,0.2909,871,744.2,996.0,0.004
ces25-fix-100k,BC|35-54,pos_life,0.1298,286,244.9,999.0,0.001
ces25-fix-100k,BC|35-54,pos_energy,0.2049,310,264.7,999.0,0.001
ces25-fix-100k,BC|35-54,pos_jobs,0.1785,310,264.7,1000.0,0.0
ces25-fix-100k,BC|35-54,imm,0.2971,871,744.2,998.0,0.002
ces25-fix-100k,BC|35-54,demsat,0.1128,871,744.2,995.0,0.005
ces25-fix-100k,BC|35-54,own_fin_retro,0.2988,871,744.2,997.0,0.003
ces25-fix-100k,BC|55+,spend_afford_h,0.0875,644,518.2,998.0,0.002
ces25-fix-100k,BC|55+,spend_nation_c,0.1191,623,477.0,996.0,0.004
ces25-fix-100k,BC|55+,spend_defence,0.3307,1267,993.2,997.0,0.003
ces25-fix-100k,BC|55+,spend_rec_indi,0.2735,1267,993.2,997.0,0.003
ces25-fix-100k,BC|55+,pos_life,0.0802,433,338.1,999.0,0.001
ces25-fix-100k,BC|55+,pos_energy,0.1668,430,342.2,997.0,0.003
ces25-fix-100k,BC|55+,pos_jobs,0.1454,430,342.2,998.0,0.002
ces25-fix-100k,BC|55+,imm,0.2028,1267,993.2,998.0,0.002
ces25-fix-100k,BC|55+,demsat,0.0746,1267,993.2,996.0,0.004
ces25-fix-100k,BC|55+,own_fin_retro,0.2201,1267,993.2,998.0,0.002
ces25-fix-100k,Prairies|18-34,spend_afford_h,0.2115,490,397.0,994.0,0.006
ces25-fix-100k,Prairies|18-34,spend_nation_c,0.0865,444,362.0,993.0,0.007
ces25-fix-100k,Prairies|18-34,spend_defence,0.0977,934,759.0,996.0,0.004
ces25-fix-100k,Prairies|18-34,spend_rec_indi,0.1794,934,759.0,997.0,0.003
ces25-fix-100k,Prairies|18-34,pos_life,0.1509,336,271.5,998.0,0.002
ces25-fix-100k,Prairies|18-34,pos_energy,0.2184,286,232.8,999.0,0.001
ces25-fix-100k,Prairies|18-34,pos_jobs,0.1749,286,232.8,998.0,0.002
ces25-fix-100k,Prairies|18-34,imm,0.3034,934,759.0,999.0,0.001
ces25-fix-100k,Prairies|18-34,demsat,0.1714,934,759.0,996.0,0.004
ces25-fix-100k,Prairies|18-34,own_fin_retro,0.2565,934,759.0,989.0,0.011
ces25-fix-100k,Prairies|35-54,spend_afford_h,0.1828,586,487.9,996.0,0.004
ces25-fix-100k,Prairies|35-54,spend_nation_c,0.0989,659,557.7,999.0,0.001
ces25-fix-100k,Prairies|35-54,spend_defence,0.1757,1245,1045.5,996.0,0.004
ces25-fix-100k,Prairies|35-54,spend_rec_indi,0.198,1245,1045.5,998.0,0.002
ces25-fix-100k,Prairies|35-54,pos_life,0.1387,437,367.0,999.0,0.001
ces25-fix-100k,Prairies|35-54,pos_energy,0.0987,407,341.1,997.0,0.003
ces25-fix-100k,Prairies|35-54,pos_jobs,0.1431,407,341.1,999.0,0.001
ces25-fix-100k,Prairies|35-54,imm,0.3267,1245,1045.5,1000.0,0.0
ces25-fix-100k,Prairies|35-54,demsat,0.1844,1245,1045.5,1000.0,0.0
ces25-fix-100k,Prairies|35-54,own_fin_retro,0.298,1245,1045.5,997.0,0.003
ces25-fix-100k,Prairies|55+,spend_afford_h,0.1453,672,520.0,997.0,0.003
ces25-fix-100k,Prairies|55+,spend_nation_c,0.1544,717,577.1,995.0,0.005
ces25-fix-100k,Prairies|55+,spend_defence,0.3311,1389,1095.8,997.0,0.003
ces25-fix-100k,Prairies|55+,spend_rec_indi,0.2406,1389,1095.8,997.0,0.003
ces25-fix-100k,Prairies|55+,pos_life,0.1205,456,353.9,998.0,0.002
ces25-fix-100k,Prairies|55+,pos_energy,0.124,455,360.2,995.0,0.005
ces25-fix-100k,Prairies|55+,pos_jobs,0.1733,455,360.2,999.0,0.001
ces25-fix-100k,Prairies|55+,imm,0.3158,1389,1095.8,1000.0,0.0
ces25-fix-100k,Prairies|55+,demsat,0.1492,1389,1095.8,998.0,0.002
ces25-fix-100k,Prairies|55+,own_fin_retro,0.2651,1389,1095.8,998.0,0.002
ces25-fix-100k,ON|18-34,spend_afford_h,0.1948,970,789.6,997.0,0.003
ces25-fix-100k,ON|18-34,spend_nation_c,0.0906,948,775.6,998.0,0.002
ces25-fix-100k,ON|18-34,spend_defence,0.0993,1918,1565.2,997.0,0.003
ces25-fix-100k,ON|18-34,spend_rec_indi,0.1758,1918,1565.2,995.0,0.005
ces25-fix-100k,ON|18-34,pos_life,0.2042,658,537.4,1000.0,0.0
ces25-fix-100k,ON|18-34,pos_energy,0.2132,602,492.2,998.0,0.002
ces25-fix-100k,ON|18-34,pos_jobs,0.1857,602,492.2,995.0,0.005
ces25-fix-100k,ON|18-34,imm,0.3733,1918,1565.2,994.0,0.006
ces25-fix-100k,ON|18-34,demsat,0.1664,1918,1565.2,996.0,0.004
ces25-fix-100k,ON|18-34,own_fin_retro,0.2315,1918,1565.2,994.0,0.006
ces25-fix-100k,ON|35-54,spend_afford_h,0.1134,1314,1130.6,999.0,0.001
ces25-fix-100k,ON|35-54,spend_nation_c,0.1172,1214,1032.5,999.0,0.001
ces25-fix-100k,ON|35-54,spend_defence,0.1067,2528,2162.7,997.0,0.003
ces25-fix-100k,ON|35-54,spend_rec_indi,0.1429,2528,2162.7,996.0,0.004
ces25-fix-100k,ON|35-54,pos_life,0.1972,864,744.0,1000.0,0.0
ces25-fix-100k,ON|35-54,pos_energy,0.1651,799,686.3,998.0,0.002
ces25-fix-100k,ON|35-54,pos_jobs,0.1434,799,686.3,995.0,0.005
ces25-fix-100k,ON|35-54,imm,0.3311,2528,2162.7,997.0,0.003
ces25-fix-100k,ON|35-54,demsat,0.1611,2528,2162.7,996.0,0.004
ces25-fix-100k,ON|35-54,own_fin_retro,0.2705,2528,2162.7,995.0,0.005
ces25-fix-100k,ON|55+,spend_afford_h,0.1488,1626,1272.6,999.0,0.001
ces25-fix-100k,ON|55+,spend_nation_c,0.1305,1565,1248.1,998.0,0.002
ces25-fix-100k,ON|55+,spend_defence,0.3385,3191,2520.6,997.0,0.003
ces25-fix-100k,ON|55+,spend_rec_indi,0.1442,3191,2520.6,996.0,0.004
ces25-fix-100k,ON|55+,pos_life,0.1238,1035,824.6,999.0,0.001
ces25-fix-100k,ON|55+,pos_energy,0.1908,1065,849.3,997.0,0.003
ces25-fix-100k,ON|55+,pos_jobs,0.1794,1065,849.3,999.0,0.001
ces25-fix-100k,ON|55+,imm,0.2643,3191,2520.6,999.0,0.001
ces25-fix-100k,ON|55+,demsat,0.0865,3191,2520.6,999.0,0.001
ces25-fix-100k,ON|55+,own_fin_retro,0.1922,3191,2520.6,999.0,0.001
ces25-fix-100k,QC|18-34,spend_afford_h,0.1358,608,505.4,991.0,0.009
ces25-fix-100k,QC|18-34,spend_nation_c,0.0296,632,525.7,986.0,0.014
ces25-fix-100k,QC|18-34,spend_defence,0.1896,1240,1030.8,988.0,0.012
ces25-fix-100k,QC|18-34,spend_rec_indi,0.2199,1240,1030.8,993.0,0.007
ces25-fix-100k,QC|18-34,pos_life,0.117,436,365.0,1000.0,0.0
ces25-fix-100k,QC|18-34,pos_energy,0.1463,413,343.5,990.0,0.01
ces25-fix-100k,QC|18-34,pos_jobs,0.0488,413,343.5,960.0,0.04
ces25-fix-100k,QC|18-34,imm,0.3943,1240,1030.8,999.0,0.001
ces25-fix-100k,QC|18-34,demsat,0.2212,1240,1030.8,997.0,0.003
ces25-fix-100k,QC|18-34,own_fin_retro,0.2558,1240,1030.8,998.0,0.002
ces25-fix-100k,QC|35-54,spend_afford_h,0.0919,774,651.1,993.0,0.007
ces25-fix-100k,QC|35-54,spend_nation_c,0.1396,826,688.9,995.0,0.005
ces25-fix-100k,QC|35-54,spend_defence,0.13,1600,1339.5,988.0,0.012
ces25-fix-100k,QC|35-54,spend_rec_indi,0.2575,1600,1339.5,991.0,0.009
ces25-fix-100k,QC|35-54,pos_life,0.1844,543,456.5,998.0,0.002
ces25-fix-100k,QC|35-54,pos_energy,0.0545,584,485.5,990.0,0.01
ces25-fix-100k,QC|35-54,pos_jobs,0.158,584,485.5,951.0,0.049
ces25-fix-100k,QC|35-54,imm,0.4209,1600,1339.5,999.0,0.001
ces25-fix-100k,QC|35-54,demsat,0.2605,1600,1339.5,999.0,0.001
ces25-fix-100k,QC|35-54,own_fin_retro,0.2565,1600,1339.5,999.0,0.001
ces25-fix-100k,QC|55+,spend_afford_h,0.1507,1030,811.2,992.0,0.008
ces25-fix-100k,QC|55+,spend_nation_c,0.2638,1036,823.9,993.0,0.007
ces25-fix-100k,QC|55+,spend_defence,0.3081,2066,1635.0,992.0,0.008
ces25-fix-100k,QC|55+,spend_rec_indi,0.2498,2066,1635.0,985.0,0.015
ces25-fix-100k,QC|55+,pos_life,0.2047,670,528.8,998.0,0.002
ces25-fix-100k,QC|55+,pos_energy,0.0421,693,542.4,987.0,0.013
ces25-fix-100k,QC|55+,pos_jobs,0.1286,693,542.4,959.0,0.041
ces25-fix-100k,QC|55+,imm,0.4022,2066,1635.0,996.0,0.004
ces25-fix-100k,QC|55+,demsat,0.1972,2066,1635.0,1000.0,0.0
ces25-fix-100k,QC|55+,own_fin_retro,0.1775,2066,1635.0,1000.0,0.0
ces25-fix-100k,Atlantic|18-34,spend_afford_h,0.1845,148,123.0,996.0,0.004
ces25-fix-100k,Atlantic|18-34,spend_nation_c,0.1223,129,101.5,998.0,0.002
ces25-fix-100k,Atlantic|18-34,spend_defence,0.1497,277,223.5,997.0,0.003
ces25-fix-100k,Atlantic|18-34,spend_rec_indi,0.2089,277,223.5,997.0,0.003
ces25-fix-100k,Atlantic|18-34,pos_life,0.2469,90,74.3,998.0,0.002
ces25-fix-100k,Atlantic|18-34,pos_energy,0.2952,96,77.1,995.0,0.005
ces25-fix-100k,Atlantic|18-34,pos_jobs,0.1489,96,77.1,993.0,0.007
ces25-fix-100k,Atlantic|18-34,imm,0.3775,277,223.5,1000.0,0.0
ces25-fix-100k,Atlantic|18-34,demsat,0.2182,277,223.5,997.0,0.003
ces25-fix-100k,Atlantic|18-34,own_fin_retro,0.2836,277,223.5,998.0,0.002
ces25-fix-100k,Atlantic|35-54,spend_afford_h,0.2391,192,163.8,999.0,0.001
ces25-fix-100k,Atlantic|35-54,spend_nation_c,0.1436,212,177.0,997.0,0.003
ces25-fix-100k,Atlantic|35-54,spend_defence,0.1791,404,339.6,996.0,0.004
ces25-fix-100k,Atlantic|35-54,spend_rec_indi,0.1841,404,339.6,991.0,0.009
ces25-fix-100k,Atlantic|35-54,pos_life,0.1139,127,107.7,999.0,0.001
ces25-fix-100k,Atlantic|35-54,pos_energy,0.2605,137,111.2,996.0,0.004
ces25-fix-100k,Atlantic|35-54,pos_jobs,0.226,137,111.2,994.0,0.006
ces25-fix-100k,Atlantic|35-54,imm,0.3468,404,339.6,999.0,0.001
ces25-fix-100k,Atlantic|35-54,demsat,0.195,404,339.6,997.0,0.003
ces25-fix-100k,Atlantic|35-54,own_fin_retro,0.303,404,339.6,997.0,0.003
ces25-fix-100k,Atlantic|55+,spend_afford_h,0.1262,296,244.7,996.0,0.004
ces25-fix-100k,Atlantic|55+,spend_nation_c,0.1496,293,225.6,996.0,0.004
ces25-fix-100k,Atlantic|55+,spend_defence,0.3605,589,469.9,992.0,0.008
ces25-fix-100k,Atlantic|55+,spend_rec_indi,0.242,589,469.9,996.0,0.004
ces25-fix-100k,Atlantic|55+,pos_life,0.0928,182,153.4,998.0,0.002
ces25-fix-100k,Atlantic|55+,pos_energy,0.2383,211,162.9,998.0,0.002
ces25-fix-100k,Atlantic|55+,pos_jobs,0.0804,211,162.9,998.0,0.002
ces25-fix-100k,Atlantic|55+,imm,0.2765,589,469.9,996.0,0.004
ces25-fix-100k,Atlantic|55+,demsat,0.1226,589,469.9,999.0,0.001
ces25-fix-100k,Atlantic|55+,own_fin_retro,0.2453,589,469.9,998.0,0.002
ces25-sem-100k,BC|18-34,spend_afford_h,0.165,286,231.7,990.0,0.01
ces25-sem-100k,BC|18-34,spend_nation_c,0.0775,314,262.6,992.0,0.008
ces25-sem-100k,BC|18-34,spend_defence,0.1091,600,493.3,990.0,0.01
ces25-sem-100k,BC|18-34,spend_rec_indi,0.1096,600,493.3,993.0,0.007
ces25-sem-100k,BC|18-34,pos_life,0.1269,210,170.1,998.0,0.002
ces25-sem-100k,BC|18-34,pos_energy,0.2227,193,160.5,995.0,0.005
ces25-sem-100k,BC|18-34,pos_jobs,0.1592,193,160.5,997.0,0.003
ces25-sem-100k,BC|18-34,imm,0.2869,600,493.3,999.0,0.001
ces25-sem-100k,BC|18-34,demsat,0.1445,600,493.3,999.0,0.001
ces25-sem-100k,BC|18-34,own_fin_retro,0.26,600,493.3,994.0,0.006
ces25-sem-100k,BC|35-54,spend_afford_h,0.063,396,339.8,993.0,0.007
ces25-sem-100k,BC|35-54,spend_nation_c,0.1019,475,404.4,995.0,0.005
ces25-sem-100k,BC|35-54,spend_defence,0.1883,871,744.2,988.0,0.012
ces25-sem-100k,BC|35-54,spend_rec_indi,0.2902,871,744.2,986.0,0.014
ces25-sem-100k,BC|35-54,pos_life,0.1118,286,244.9,999.0,0.001
ces25-sem-100k,BC|35-54,pos_energy,0.1607,310,264.7,996.0,0.004
ces25-sem-100k,BC|35-54,pos_jobs,0.1822,310,264.7,994.0,0.006
ces25-sem-100k,BC|35-54,imm,0.3165,871,744.2,999.0,0.001
ces25-sem-100k,BC|35-54,demsat,0.1509,871,744.2,998.0,0.002
ces25-sem-100k,BC|35-54,own_fin_retro,0.3228,871,744.2,994.0,0.006
ces25-sem-100k,BC|55+,spend_afford_h,0.0704,644,518.2,994.0,0.006
ces25-sem-100k,BC|55+,spend_nation_c,0.1151,623,477.0,996.0,0.004
ces25-sem-100k,BC|55+,spend_defence,0.3752,1267,993.2,987.0,0.013
ces25-sem-100k,BC|55+,spend_rec_indi,0.2751,1267,993.2,989.0,0.011
ces25-sem-100k,BC|55+,pos_life,0.1337,433,338.1,999.0,0.001
ces25-sem-100k,BC|55+,pos_energy,0.1481,430,342.2,998.0,0.002
ces25-sem-100k,BC|55+,pos_jobs,0.137,430,342.2,998.0,0.002
ces25-sem-100k,BC|55+,imm,0.2239,1267,993.2,998.0,0.002
ces25-sem-100k,BC|55+,demsat,0.0825,1267,993.2,998.0,0.002
ces25-sem-100k,BC|55+,own_fin_retro,0.273,1267,993.2,998.0,0.002
ces25-sem-100k,Prairies|18-34,spend_afford_h,0.2216,490,397.0,994.0,0.006
ces25-sem-100k,Prairies|18-34,spend_nation_c,0.0744,444,362.0,993.0,0.007
ces25-sem-100k,Prairies|18-34,spend_defence,0.0925,934,759.0,987.0,0.013
ces25-sem-100k,Prairies|18-34,spend_rec_indi,0.1896,934,759.0,988.0,0.012
ces25-sem-100k,Prairies|18-34,pos_life,0.1507,336,271.5,995.0,0.005
ces25-sem-100k,Prairies|18-34,pos_energy,0.2055,286,232.8,997.0,0.003
ces25-sem-100k,Prairies|18-34,pos_jobs,0.1223,286,232.8,994.0,0.006
ces25-sem-100k,Prairies|18-34,imm,0.3291,934,759.0,998.0,0.002
ces25-sem-100k,Prairies|18-34,demsat,0.1673,934,759.0,1000.0,0.0
ces25-sem-100k,Prairies|18-34,own_fin_retro,0.2777,934,759.0,997.0,0.003
ces25-sem-100k,Prairies|35-54,spend_afford_h,0.1937,586,487.9,992.0,0.008
ces25-sem-100k,Prairies|35-54,spend_nation_c,0.1042,659,557.7,990.0,0.01
ces25-sem-100k,Prairies|35-54,spend_defence,0.1948,1245,1045.5,989.0,0.011
ces25-sem-100k,Prairies|35-54,spend_rec_indi,0.2529,1245,1045.5,997.0,0.003
ces25-sem-100k,Prairies|35-54,pos_life,0.1479,437,367.0,998.0,0.002
ces25-sem-100k,Prairies|35-54,pos_energy,0.1101,407,341.1,998.0,0.002
ces25-sem-100k,Prairies|35-54,pos_jobs,0.1344,407,341.1,997.0,0.003
ces25-sem-100k,Prairies|35-54,imm,0.3756,1245,1045.5,997.0,0.003
ces25-sem-100k,Prairies|35-54,demsat,0.2212,1245,1045.5,999.0,0.001
ces25-sem-100k,Prairies|35-54,own_fin_retro,0.3549,1245,1045.5,992.0,0.008
ces25-sem-100k,Prairies|55+,spend_afford_h,0.1447,672,520.0,990.0,0.01
ces25-sem-100k,Prairies|55+,spend_nation_c,0.1155,717,577.1,995.0,0.005
ces25-sem-100k,Prairies|55+,spend_defence,0.346,1389,1095.8,985.0,0.015
ces25-sem-100k,Prairies|55+,spend_rec_indi,0.262,1389,1095.8,994.0,0.006
ces25-sem-100k,Prairies|55+,pos_life,0.1121,456,353.9,999.0,0.001
ces25-sem-100k,Prairies|55+,pos_energy,0.1254,455,360.2,998.0,0.002
ces25-sem-100k,Prairies|55+,pos_jobs,0.1556,455,360.2,995.0,0.005
ces25-sem-100k,Prairies|55+,imm,0.3093,1389,1095.8,999.0,0.001
ces25-sem-100k,Prairies|55+,demsat,0.1695,1389,1095.8,999.0,0.001
ces25-sem-100k,Prairies|55+,own_fin_retro,0.3297,1389,1095.8,998.0,0.002
ces25-sem-100k,ON|18-34,spend_afford_h,0.1721,970,789.6,993.0,0.007
ces25-sem-100k,ON|18-34,spend_nation_c,0.0889,948,775.6,993.0,0.007
ces25-sem-100k,ON|18-34,spend_defence,0.0973,1918,1565.2,992.0,0.008
ces25-sem-100k,ON|18-34,spend_rec_indi,0.1333,1918,1565.2,993.0,0.007
ces25-sem-100k,ON|18-34,pos_life,0.1894,658,537.4,999.0,0.001
ces25-sem-100k,ON|18-34,pos_energy,0.2182,602,492.2,998.0,0.002
ces25-sem-100k,ON|18-34,pos_jobs,0.1414,602,492.2,992.0,0.008
ces25-sem-100k,ON|18-34,imm,0.4281,1918,1565.2,999.0,0.001
ces25-sem-100k,ON|18-34,demsat,0.18,1918,1565.2,998.0,0.002
ces25-sem-100k,ON|18-34,own_fin_retro,0.3238,1918,1565.2,999.0,0.001
ces25-sem-100k,ON|35-54,spend_afford_h,0.124,1314,1130.6,988.0,0.012
ces25-sem-100k,ON|35-54,spend_nation_c,0.1006,1214,1032.5,994.0,0.006
ces25-sem-100k,ON|35-54,spend_defence,0.1441,2528,2162.7,986.0,0.014
ces25-sem-100k,ON|35-54,spend_rec_indi,0.1857,2528,2162.7,994.0,0.006
ces25-sem-100k,ON|35-54,pos_life,0.1712,864,744.0,999.0,0.001
ces25-sem-100k,ON|35-54,pos_energy,0.1458,799,686.3,997.0,0.003
ces25-sem-100k,ON|35-54,pos_jobs,0.1274,799,686.3,998.0,0.002
ces25-sem-100k,ON|35-54,imm,0.3774,2528,2162.7,1000.0,0.0
ces25-sem-100k,ON|35-54,demsat,0.1689,2528,2162.7,999.0,0.001
ces25-sem-100k,ON|35-54,own_fin_retro,0.3295,2528,2162.7,994.0,0.006
ces25-sem-100k,ON|55+,spend_afford_h,0.2035,1626,1272.6,994.0,0.006
ces25-sem-100k,ON|55+,spend_nation_c,0.1319,1565,1248.1,994.0,0.006
ces25-sem-100k,ON|55+,spend_defence,0.3702,3191,2520.6,991.0,0.009
ces25-sem-100k,ON|55+,spend_rec_indi,0.1456,3191,2520.6,992.0,0.008
ces25-sem-100k,ON|55+,pos_life,0.132,1035,824.6,996.0,0.004
ces25-sem-100k,ON|55+,pos_energy,0.1493,1065,849.3,997.0,0.003
ces25-sem-100k,ON|55+,pos_jobs,0.1442,1065,849.3,993.0,0.007
ces25-sem-100k,ON|55+,imm,0.2863,3191,2520.6,999.0,0.001
ces25-sem-100k,ON|55+,demsat,0.0856,3191,2520.6,1000.0,0.0
ces25-sem-100k,ON|55+,own_fin_retro,0.2298,3191,2520.6,997.0,0.003
ces25-sem-100k,QC|18-34,spend_afford_h,0.1287,608,505.4,985.0,0.015
ces25-sem-100k,QC|18-34,spend_nation_c,0.0797,632,525.7,987.0,0.013
ces25-sem-100k,QC|18-34,spend_defence,0.1249,1240,1030.8,978.0,0.022
ces25-sem-100k,QC|18-34,spend_rec_indi,0.2489,1240,1030.8,982.0,0.018
ces25-sem-100k,QC|18-34,pos_life,0.1542,436,365.0,998.0,0.002
ces25-sem-100k,QC|18-34,pos_energy,0.1285,413,343.5,998.0,0.002
ces25-sem-100k,QC|18-34,pos_jobs,0.0628,413,343.5,997.0,0.003
ces25-sem-100k,QC|18-34,imm,0.3892,1240,1030.8,991.0,0.009
ces25-sem-100k,QC|18-34,demsat,0.2299,1240,1030.8,1000.0,0.0
ces25-sem-100k,QC|18-34,own_fin_retro,0.247,1240,1030.8,1000.0,0.0
ces25-sem-100k,QC|35-54,spend_afford_h,0.1148,774,651.1,985.0,0.015
ces25-sem-100k,QC|35-54,spend_nation_c,0.1175,826,688.9,981.0,0.019
ces25-sem-100k,QC|35-54,spend_defence,0.1064,1600,1339.5,971.0,0.029
ces25-sem-100k,QC|35-54,spend_rec_indi,0.2598,1600,1339.5,974.0,0.026
ces25-sem-100k,QC|35-54,pos_life,0.2471,543,456.5,997.0,0.003
ces25-sem-100k,QC|35-54,pos_energy,0.0648,584,485.5,998.0,0.002
ces25-sem-100k,QC|35-54,pos_jobs,0.0922,584,485.5,997.0,0.003
ces25-sem-100k,QC|35-54,imm,0.4448,1600,1339.5,995.0,0.005
ces25-sem-100k,QC|35-54,demsat,0.2703,1600,1339.5,998.0,0.002
ces25-sem-100k,QC|35-54,own_fin_retro,0.2736,1600,1339.5,1000.0,0.0
ces25-sem-100k,QC|55+,spend_afford_h,0.1502,1030,811.2,988.0,0.012
ces25-sem-100k,QC|55+,spend_nation_c,0.2294,1036,823.9,982.0,0.018
ces25-sem-100k,QC|55+,spend_defence,0.2725,2066,1635.0,976.0,0.024
ces25-sem-100k,QC|55+,spend_rec_indi,0.2701,2066,1635.0,974.0,0.026
ces25-sem-100k,QC|55+,pos_life,0.2388,670,528.8,997.0,0.003
ces25-sem-100k,QC|55+,pos_energy,0.0523,693,542.4,996.0,0.004
ces25-sem-100k,QC|55+,pos_jobs,0.0942,693,542.4,996.0,0.004
ces25-sem-100k,QC|55+,imm,0.4469,2066,1635.0,990.0,0.01
ces25-sem-100k,QC|55+,demsat,0.1879,2066,1635.0,999.0,0.001
ces25-sem-100k,QC|55+,own_fin_retro,0.1713,2066,1635.0,998.0,0.002
ces25-sem-100k,Atlantic|18-34,spend_afford_h,0.1524,148,123.0,993.0,0.007
ces25-sem-100k,Atlantic|18-34,spend_nation_c,0.135,129,101.5,997.0,0.003
ces25-sem-100k,Atlantic|18-34,spend_defence,0.1306,277,223.5,989.0,0.011
ces25-sem-100k,Atlantic|18-34,spend_rec_indi,0.1734,277,223.5,987.0,0.013
ces25-sem-100k,Atlantic|18-34,pos_life,0.213,90,74.3,999.0,0.001
ces25-sem-100k,Atlantic|18-34,pos_energy,0.2619,96,77.1,999.0,0.001
ces25-sem-100k,Atlantic|18-34,pos_jobs,0.1682,96,77.1,998.0,0.002
ces25-sem-100k,Atlantic|18-34,imm,0.414,277,223.5,995.0,0.005
ces25-sem-100k,Atlantic|18-34,demsat,0.2187,277,223.5,1000.0,0.0
ces25-sem-100k,Atlantic|18-34,own_fin_retro,0.3194,277,223.5,988.0,0.012
ces25-sem-100k,Atlantic|35-54,spend_afford_h,0.2098,192,163.8,997.0,0.003
ces25-sem-100k,Atlantic|35-54,spend_nation_c,0.1136,212,177.0,991.0,0.009
ces25-sem-100k,Atlantic|35-54,spend_defence,0.1723,404,339.6,992.0,0.008
ces25-sem-100k,Atlantic|35-54,spend_rec_indi,0.2001,404,339.6,991.0,0.009
ces25-sem-100k,Atlantic|35-54,pos_life,0.1106,127,107.7,998.0,0.002
ces25-sem-100k,Atlantic|35-54,pos_energy,0.2358,137,111.2,997.0,0.003
ces25-sem-100k,Atlantic|35-54,pos_jobs,0.2244,137,111.2,995.0,0.005
ces25-sem-100k,Atlantic|35-54,imm,0.3745,404,339.6,998.0,0.002
ces25-sem-100k,Atlantic|35-54,demsat,0.2037,404,339.6,999.0,0.001
ces25-sem-100k,Atlantic|35-54,own_fin_retro,0.3968,404,339.6,996.0,0.004
ces25-sem-100k,Atlantic|55+,spend_afford_h,0.1272,296,244.7,994.0,0.006
ces25-sem-100k,Atlantic|55+,spend_nation_c,0.1036,293,225.6,994.0,0.006
ces25-sem-100k,Atlantic|55+,spend_defence,0.3883,589,469.9,996.0,0.004
ces25-sem-100k,Atlantic|55+,spend_rec_indi,0.2242,589,469.9,988.0,0.012
ces25-sem-100k,Atlantic|55+,pos_life,0.1234,182,153.4,996.0,0.004
ces25-sem-100k,Atlantic|55+,pos_energy,0.1985,211,162.9,999.0,0.001
ces25-sem-100k,Atlantic|55+,pos_jobs,0.0476,211,162.9,992.0,0.008
ces25-sem-100k,Atlantic|55+,imm,0.2693,589,469.9,998.0,0.002
ces25-sem-100k,Atlantic|55+,demsat,0.134,589,469.9,1000.0,0.0
ces25-sem-100k,Atlantic|55+,own_fin_retro,0.2365,589,469.9,994.0,0.006
ces25-fix-20k,BC|18-34,spend_afford_h,0.1594,286,231.7,994.0,0.006
ces25-fix-20k,BC|18-34,spend_nation_c,0.1422,314,262.6,996.0,0.004
ces25-fix-20k,BC|18-34,spend_defence,0.0722,600,493.3,989.0,0.011
ces25-fix-20k,BC|18-34,spend_rec_indi,0.0991,600,493.3,994.0,0.006
ces25-fix-20k,BC|18-34,pos_life,0.1588,210,170.1,999.0,0.001
ces25-fix-20k,BC|18-34,pos_energy,0.2324,193,160.5,1000.0,0.0
ces25-fix-20k,BC|18-34,pos_jobs,0.201,193,160.5,996.0,0.004
ces25-fix-20k,BC|18-34,imm,0.2679,600,493.3,999.0,0.001
ces25-fix-20k,BC|18-34,demsat,0.1148,600,493.3,997.0,0.003
ces25-fix-20k,BC|18-34,own_fin_retro,0.2679,600,493.3,993.0,0.007
ces25-fix-20k,BC|35-54,spend_afford_h,0.0654,396,339.8,995.0,0.005
ces25-fix-20k,BC|35-54,spend_nation_c,0.1196,475,404.4,999.0,0.001
ces25-fix-20k,BC|35-54,spend_defence,0.184,871,744.2,982.0,0.018
ces25-fix-20k,BC|35-54,spend_rec_indi,0.236,871,744.2,989.0,0.011
ces25-fix-20k,BC|35-54,pos_life,0.1101,286,244.9,997.0,0.003
ces25-fix-20k,BC|35-54,pos_energy,0.2186,310,264.7,996.0,0.004
ces25-fix-20k,BC|35-54,pos_jobs,0.21,310,264.7,997.0,0.003
ces25-fix-20k,BC|35-54,imm,0.3125,871,744.2,999.0,0.001
ces25-fix-20k,BC|35-54,demsat,0.1053,871,744.2,998.0,0.002
ces25-fix-20k,BC|35-54,own_fin_retro,0.3138,871,744.2,994.0,0.006
ces25-fix-20k,BC|55+,spend_afford_h,0.0786,644,518.2,990.0,0.01
ces25-fix-20k,BC|55+,spend_nation_c,0.1485,623,477.0,989.0,0.011
ces25-fix-20k,BC|55+,spend_defence,0.3556,1267,993.2,980.0,0.02
ces25-fix-20k,BC|55+,spend_rec_indi,0.25,1267,993.2,987.0,0.013
ces25-fix-20k,BC|55+,pos_life,0.1204,433,338.1,1000.0,0.0
ces25-fix-20k,BC|55+,pos_energy,0.2135,430,342.2,999.0,0.001
ces25-fix-20k,BC|55+,pos_jobs,0.1776,430,342.2,995.0,0.005
ces25-fix-20k,BC|55+,imm,0.1773,1267,993.2,997.0,0.003
ces25-fix-20k,BC|55+,demsat,0.1053,1267,993.2,1000.0,0.0
ces25-fix-20k,BC|55+,own_fin_retro,0.2029,1267,993.2,997.0,0.003
ces25-fix-20k,Prairies|18-34,spend_afford_h,0.1867,490,397.0,988.0,0.012
ces25-fix-20k,Prairies|18-34,spend_nation_c,0.1412,444,362.0,994.0,0.006
ces25-fix-20k,Prairies|18-34,spend_defence,0.1109,934,759.0,985.0,0.015
ces25-fix-20k,Prairies|18-34,spend_rec_indi,0.1597,934,759.0,993.0,0.007
ces25-fix-20k,Prairies|18-34,pos_life,0.1754,336,271.5,996.0,0.004
ces25-fix-20k,Prairies|18-34,pos_energy,0.273,286,232.8,998.0,0.002
ces25-fix-20k,Prairies|18-34,pos_jobs,0.1878,286,232.8,998.0,0.002
ces25-fix-20k,Prairies|18-34,imm,0.3257,934,759.0,997.0,0.003
ces25-fix-20k,Prairies|18-34,demsat,0.0629,934,759.0,998.0,0.002
ces25-fix-20k,Prairies|18-34,own_fin_retro,0.2752,934,759.0,986.0,0.014
ces25-fix-20k,Prairies|35-54,spend_afford_h,0.1704,586,487.9,990.0,0.01
ces25-fix-20k,Prairies|35-54,spend_nation_c,0.147,659,557.7,993.0,0.007
ces25-fix-20k,Prairies|35-54,spend_defence,0.1815,1245,1045.5,991.0,0.009
ces25-fix-20k,Prairies|35-54,spend_rec_indi,0.1287,1245,1045.5,992.0,0.008
ces25-fix-20k,Prairies|35-54,pos_life,0.0915,437,367.0,1000.0,0.0
ces25-fix-20k,Prairies|35-54,pos_energy,0.2023,407,341.1,997.0,0.003
ces25-fix-20k,Prairies|35-54,pos_jobs,0.1275,407,341.1,998.0,0.002
ces25-fix-20k,Prairies|35-54,imm,0.3087,1245,1045.5,1000.0,0.0
ces25-fix-20k,Prairies|35-54,demsat,0.1057,1245,1045.5,1000.0,0.0
ces25-fix-20k,Prairies|35-54,own_fin_retro,0.3292,1245,1045.5,997.0,0.003
ces25-fix-20k,Prairies|55+,spend_afford_h,0.1342,672,520.0,993.0,0.007
ces25-fix-20k,Prairies|55+,spend_nation_c,0.2016,717,577.1,994.0,0.006
ces25-fix-20k,Prairies|55+,spend_defence,0.3991,1389,1095.8,986.0,0.014
ces25-fix-20k,Prairies|55+,spend_rec_indi,0.1914,1389,1095.8,985.0,0.015
ces25-fix-20k,Prairies|55+,pos_life,0.0699,456,353.9,999.0,0.001
ces25-fix-20k,Prairies|55+,pos_energy,0.2455,455,360.2,999.0,0.001
ces25-fix-20k,Prairies|55+,pos_jobs,0.1399,455,360.2,1000.0,0.0
ces25-fix-20k,Prairies|55+,imm,0.2543,1389,1095.8,997.0,0.003
ces25-fix-20k,Prairies|55+,demsat,0.0634,1389,1095.8,999.0,0.001
ces25-fix-20k,Prairies|55+,own_fin_retro,0.2751,1389,1095.8,995.0,0.005
ces25-fix-20k,ON|18-34,spend_afford_h,0.1982,970,789.6,993.0,0.007
ces25-fix-20k,ON|18-34,spend_nation_c,0.1063,948,775.6,997.0,0.003
ces25-fix-20k,ON|18-34,spend_defence,0.1253,1918,1565.2,986.0,0.014
ces25-fix-20k,ON|18-34,spend_rec_indi,0.1375,1918,1565.2,993.0,0.007
ces25-fix-20k,ON|18-34,pos_life,0.2535,658,537.4,1000.0,0.0
ces25-fix-20k,ON|18-34,pos_energy,0.2409,602,492.2,997.0,0.003
ces25-fix-20k,ON|18-34,pos_jobs,0.2115,602,492.2,999.0,0.001
ces25-fix-20k,ON|18-34,imm,0.3654,1918,1565.2,1000.0,0.0
ces25-fix-20k,ON|18-34,demsat,0.0806,1918,1565.2,1000.0,0.0
ces25-fix-20k,ON|18-34,own_fin_retro,0.3217,1918,1565.2,998.0,0.002
ces25-fix-20k,ON|35-54,spend_afford_h,0.1181,1314,1130.6,989.0,0.011
ces25-fix-20k,ON|35-54,spend_nation_c,0.1313,1214,1032.5,995.0,0.005
ces25-fix-20k,ON|35-54,spend_defence,0.1758,2528,2162.7,989.0,0.011
ces25-fix-20k,ON|35-54,spend_rec_indi,0.1101,2528,2162.7,989.0,0.011
ces25-fix-20k,ON|35-54,pos_life,0.1897,864,744.0,998.0,0.002
ces25-fix-20k,ON|35-54,pos_energy,0.1954,799,686.3,992.0,0.008
ces25-fix-20k,ON|35-54,pos_jobs,0.1807,799,686.3,998.0,0.002
ces25-fix-20k,ON|35-54,imm,0.339,2528,2162.7,999.0,0.001
ces25-fix-20k,ON|35-54,demsat,0.067,2528,2162.7,1000.0,0.0
ces25-fix-20k,ON|35-54,own_fin_retro,0.3029,2528,2162.7,996.0,0.004
ces25-fix-20k,ON|55+,spend_afford_h,0.1558,1626,1272.6,995.0,0.005
ces25-fix-20k,ON|55+,spend_nation_c,0.2239,1565,1248.1,989.0,0.011
ces25-fix-20k,ON|55+,spend_defence,0.353,3191,2520.6,986.0,0.014
ces25-fix-20k,ON|55+,spend_rec_indi,0.115,3191,2520.6,985.0,0.015
ces25-fix-20k,ON|55+,pos_life,0.1143,1035,824.6,997.0,0.003
ces25-fix-20k,ON|55+,pos_energy,0.266,1065,849.3,998.0,0.002
ces25-fix-20k,ON|55+,pos_jobs,0.1804,1065,849.3,999.0,0.001
ces25-fix-20k,ON|55+,imm,0.2493,3191,2520.6,999.0,0.001
ces25-fix-20k,ON|55+,demsat,0.1263,3191,2520.6,1000.0,0.0
ces25-fix-20k,ON|55+,own_fin_retro,0.1899,3191,2520.6,1000.0,0.0
ces25-fix-20k,QC|18-34,spend_afford_h,0.2039,608,505.4,980.0,0.02
ces25-fix-20k,QC|18-34,spend_nation_c,0.0699,632,525.7,984.0,0.016
ces25-fix-20k,QC|18-34,spend_defence,0.2364,1240,1030.8,978.0,0.022
ces25-fix-20k,QC|18-34,spend_rec_indi,0.1945,1240,1030.8,985.0,0.015
ces25-fix-20k,QC|18-34,pos_life,0.1241,436,365.0,998.0,0.002
ces25-fix-20k,QC|18-34,pos_energy,0.3004,413,343.5,1000.0,0.0
ces25-fix-20k,QC|18-34,pos_jobs,0.2547,413,343.5,998.0,0.002
ces25-fix-20k,QC|18-34,imm,0.3662,1240,1030.8,995.0,0.005
ces25-fix-20k,QC|18-34,demsat,0.1205,1240,1030.8,997.0,0.003
ces25-fix-20k,QC|18-34,own_fin_retro,0.2197,1240,1030.8,998.0,0.002
ces25-fix-20k,QC|35-54,spend_afford_h,0.137,774,651.1,974.0,0.026
ces25-fix-20k,QC|35-54,spend_nation_c,0.1828,826,688.9,980.0,0.02
ces25-fix-20k,QC|35-54,spend_defence,0.1924,1600,1339.5,975.0,0.025
ces25-fix-20k,QC|35-54,spend_rec_indi,0.2443,1600,1339.5,984.0,0.016
ces25-fix-20k,QC|35-54,pos_life,0.1706,543,456.5,997.0,0.003
ces25-fix-20k,QC|35-54,pos_energy,0.2549,584,485.5,999.0,0.001
ces25-fix-20k,QC|35-54,pos_jobs,0.208,584,485.5,994.0,0.006
ces25-fix-20k,QC|35-54,imm,0.4141,1600,1339.5,987.0,0.013
ces25-fix-20k,QC|35-54,demsat,0.1215,1600,1339.5,994.0,0.006
ces25-fix-20k,QC|35-54,own_fin_retro,0.1991,1600,1339.5,997.0,0.003
ces25-fix-20k,QC|55+,spend_afford_h,0.1962,1030,811.2,985.0,0.015
ces25-fix-20k,QC|55+,spend_nation_c,0.2143,1036,823.9,980.0,0.02
ces25-fix-20k,QC|55+,spend_defence,0.3643,2066,1635.0,968.0,0.032
ces25-fix-20k,QC|55+,spend_rec_indi,0.1983,2066,1635.0,979.0,0.021
ces25-fix-20k,QC|55+,pos_life,0.1913,670,528.8,996.0,0.004
ces25-fix-20k,QC|55+,pos_energy,0.2466,693,542.4,996.0,0.004
ces25-fix-20k,QC|55+,pos_jobs,0.2279,693,542.4,999.0,0.001
ces25-fix-20k,QC|55+,imm,0.3617,2066,1635.0,986.0,0.014
ces25-fix-20k,QC|55+,demsat,0.1732,2066,1635.0,998.0,0.002
ces25-fix-20k,QC|55+,own_fin_retro,0.0939,2066,1635.0,998.0,0.002
ces25-fix-20k,Atlantic|18-34,spend_afford_h,0.1712,148,123.0,992.0,0.008
ces25-fix-20k,Atlantic|18-34,spend_nation_c,0.1906,129,101.5,991.0,0.009
ces25-fix-20k,Atlantic|18-34,spend_defence,0.1639,277,223.5,989.0,0.011
ces25-fix-20k,Atlantic|18-34,spend_rec_indi,0.1601,277,223.5,988.0,0.012
ces25-fix-20k,Atlantic|18-34,pos_life,0.2161,90,74.3,998.0,0.002
ces25-fix-20k,Atlantic|18-34,pos_energy,0.2354,96,77.1,999.0,0.001
ces25-fix-20k,Atlantic|18-34,pos_jobs,0.2462,96,77.1,999.0,0.001
ces25-fix-20k,Atlantic|18-34,imm,0.4219,277,223.5,998.0,0.002
ces25-fix-20k,Atlantic|18-34,demsat,0.1465,277,223.5,998.0,0.002
ces25-fix-20k,Atlantic|18-34,own_fin_retro,0.338,277,223.5,997.0,0.003
ces25-fix-20k,Atlantic|35-54,spend_afford_h,0.2379,192,163.8,997.0,0.003
ces25-fix-20k,Atlantic|35-54,spend_nation_c,0.1714,212,177.0,992.0,0.008
ces25-fix-20k,Atlantic|35-54,spend_defence,0.2014,404,339.6,989.0,0.011
ces25-fix-20k,Atlantic|35-54,spend_rec_indi,0.1527,404,339.6,986.0,0.014
ces25-fix-20k,Atlantic|35-54,pos_life,0.1334,127,107.7,997.0,0.003
ces25-fix-20k,Atlantic|35-54,pos_energy,0.238,137,111.2,999.0,0.001
ces25-fix-20k,Atlantic|35-54,pos_jobs,0.188,137,111.2,999.0,0.001
ces25-fix-20k,Atlantic|35-54,imm,0.3781,404,339.6,997.0,0.003
ces25-fix-20k,Atlantic|35-54,demsat,0.1029,404,339.6,999.0,0.001
ces25-fix-20k,Atlantic|35-54,own_fin_retro,0.3789,404,339.6,997.0,0.003
ces25-fix-20k,Atlantic|55+,spend_afford_h,0.1372,296,244.7,996.0,0.004
ces25-fix-20k,Atlantic|55+,spend_nation_c,0.1415,293,225.6,993.0,0.007
ces25-fix-20k,Atlantic|55+,spend_defence,0.3718,589,469.9,990.0,0.01
ces25-fix-20k,Atlantic|55+,spend_rec_indi,0.2075,589,469.9,989.0,0.011
ces25-fix-20k,Atlantic|55+,pos_life,0.1401,182,153.4,999.0,0.001
ces25-fix-20k,Atlantic|55+,pos_energy,0.2913,211,162.9,997.0,0.003
ces25-fix-20k,Atlantic|55+,pos_jobs,0.2137,211,162.9,999.0,0.001
ces25-fix-20k,Atlantic|55+,imm,0.2506,589,469.9,999.0,0.001
ces25-fix-20k,Atlantic|55+,demsat,0.1424,589,469.9,999.0,0.001
ces25-fix-20k,Atlantic|55+,own_fin_retro,0.2041,589,469.9,998.0,0.002
ces25-sem-20k,BC|18-34,spend_afford_h,0.1158,286,231.7,983.0,0.017
ces25-sem-20k,BC|18-34,spend_nation_c,0.1669,314,262.6,989.0,0.011
ces25-sem-20k,BC|18-34,spend_defence,0.0676,600,493.3,974.0,0.026
ces25-sem-20k,BC|18-34,spend_rec_indi,0.2487,600,493.3,989.0,0.011
ces25-sem-20k,BC|18-34,pos_life,0.1327,210,170.1,1000.0,0.0
ces25-sem-20k,BC|18-34,pos_energy,0.2149,193,160.5,999.0,0.001
ces25-sem-20k,BC|18-34,pos_jobs,0.2692,193,160.5,999.0,0.001
ces25-sem-20k,BC|18-34,imm,0.2344,600,493.3,998.0,0.002
ces25-sem-20k,BC|18-34,demsat,0.1398,600,493.3,999.0,0.001
ces25-sem-20k,BC|18-34,own_fin_retro,0.302,600,493.3,992.0,0.008
ces25-sem-20k,BC|35-54,spend_afford_h,0.048,396,339.8,988.0,0.012
ces25-sem-20k,BC|35-54,spend_nation_c,0.2025,475,404.4,987.0,0.013
ces25-sem-20k,BC|35-54,spend_defence,0.2072,871,744.2,976.0,0.024
ces25-sem-20k,BC|35-54,spend_rec_indi,0.3667,871,744.2,992.0,0.008
ces25-sem-20k,BC|35-54,pos_life,0.1127,286,244.9,998.0,0.002
ces25-sem-20k,BC|35-54,pos_energy,0.1775,310,264.7,995.0,0.005
ces25-sem-20k,BC|35-54,pos_jobs,0.256,310,264.7,996.0,0.004
ces25-sem-20k,BC|35-54,imm,0.261,871,744.2,998.0,0.002
ces25-sem-20k,BC|35-54,demsat,0.0921,871,744.2,999.0,0.001
ces25-sem-20k,BC|35-54,own_fin_retro,0.3456,871,744.2,999.0,0.001
ces25-sem-20k,BC|55+,spend_afford_h,0.0356,644,518.2,986.0,0.014
ces25-sem-20k,BC|55+,spend_nation_c,0.2165,623,477.0,990.0,0.01
ces25-sem-20k,BC|55+,spend_defence,0.4002,1267,993.2,971.0,0.029
ces25-sem-20k,BC|55+,spend_rec_indi,0.3799,1267,993.2,986.0,0.014
ces25-sem-20k,BC|55+,pos_life,0.136,433,338.1,998.0,0.002
ces25-sem-20k,BC|55+,pos_energy,0.2175,430,342.2,999.0,0.001
ces25-sem-20k,BC|55+,pos_jobs,0.2086,430,342.2,999.0,0.001
ces25-sem-20k,BC|55+,imm,0.1252,1267,993.2,999.0,0.001
ces25-sem-20k,BC|55+,demsat,0.1548,1267,993.2,996.0,0.004
ces25-sem-20k,BC|55+,own_fin_retro,0.2544,1267,993.2,994.0,0.006
ces25-sem-20k,Prairies|18-34,spend_afford_h,0.1064,490,397.0,989.0,0.011
ces25-sem-20k,Prairies|18-34,spend_nation_c,0.2026,444,362.0,990.0,0.01
ces25-sem-20k,Prairies|18-34,spend_defence,0.1407,934,759.0,972.0,0.028
ces25-sem-20k,Prairies|18-34,spend_rec_indi,0.2475,934,759.0,979.0,0.021
ces25-sem-20k,Prairies|18-34,pos_life,0.2059,336,271.5,997.0,0.003
ces25-sem-20k,Prairies|18-34,pos_energy,0.2781,286,232.8,999.0,0.001
ces25-sem-20k,Prairies|18-34,pos_jobs,0.2127,286,232.8,995.0,0.005
ces25-sem-20k,Prairies|18-34,imm,0.2328,934,759.0,1000.0,0.0
ces25-sem-20k,Prairies|18-34,demsat,0.0716,934,759.0,998.0,0.002
ces25-sem-20k,Prairies|18-34,own_fin_retro,0.3306,934,759.0,991.0,0.009
ces25-sem-20k,Prairies|35-54,spend_afford_h,0.1102,586,487.9,976.0,0.024
ces25-sem-20k,Prairies|35-54,spend_nation_c,0.1988,659,557.7,987.0,0.013
ces25-sem-20k,Prairies|35-54,spend_defence,0.2047,1245,1045.5,972.0,0.028
ces25-sem-20k,Prairies|35-54,spend_rec_indi,0.234,1245,1045.5,977.0,0.023
ces25-sem-20k,Prairies|35-54,pos_life,0.0715,437,367.0,999.0,0.001
ces25-sem-20k,Prairies|35-54,pos_energy,0.1464,407,341.1,999.0,0.001
ces25-sem-20k,Prairies|35-54,pos_jobs,0.1856,407,341.1,998.0,0.002
ces25-sem-20k,Prairies|35-54,imm,0.2116,1245,1045.5,996.0,0.004
ces25-sem-20k,Prairies|35-54,demsat,0.1226,1245,1045.5,999.0,0.001
ces25-sem-20k,Prairies|35-54,own_fin_retro,0.4113,1245,1045.5,996.0,0.004
ces25-sem-20k,Prairies|55+,spend_afford_h,0.0743,672,520.0,977.0,0.023
ces25-sem-20k,Prairies|55+,spend_nation_c,0.2309,717,577.1,987.0,0.013
ces25-sem-20k,Prairies|55+,spend_defence,0.3789,1389,1095.8,971.0,0.029
ces25-sem-20k,Prairies|55+,spend_rec_indi,0.2868,1389,1095.8,976.0,0.024
ces25-sem-20k,Prairies|55+,pos_life,0.0824,456,353.9,998.0,0.002
ces25-sem-20k,Prairies|55+,pos_energy,0.2089,455,360.2,998.0,0.002
ces25-sem-20k,Prairies|55+,pos_jobs,0.1824,455,360.2,999.0,0.001
ces25-sem-20k,Prairies|55+,imm,0.1992,1389,1095.8,999.0,0.001
ces25-sem-20k,Prairies|55+,demsat,0.0887,1389,1095.8,995.0,0.005
ces25-sem-20k,Prairies|55+,own_fin_retro,0.3122,1389,1095.8,995.0,0.005
ces25-sem-20k,ON|18-34,spend_afford_h,0.1183,970,789.6,984.0,0.016
ces25-sem-20k,ON|18-34,spend_nation_c,0.196,948,775.6,990.0,0.01
ces25-sem-20k,ON|18-34,spend_defence,0.1298,1918,1565.2,979.0,0.021
ces25-sem-20k,ON|18-34,spend_rec_indi,0.2531,1918,1565.2,988.0,0.012
ces25-sem-20k,ON|18-34,pos_life,0.2488,658,537.4,998.0,0.002
ces25-sem-20k,ON|18-34,pos_energy,0.1914,602,492.2,995.0,0.005
ces25-sem-20k,ON|18-34,pos_jobs,0.199,602,492.2,999.0,0.001
ces25-sem-20k,ON|18-34,imm,0.3126,1918,1565.2,998.0,0.002
ces25-sem-20k,ON|18-34,demsat,0.0801,1918,1565.2,998.0,0.002
ces25-sem-20k,ON|18-34,own_fin_retro,0.3601,1918,1565.2,992.0,0.008
ces25-sem-20k,ON|35-54,spend_afford_h,0.0328,1314,1130.6,983.0,0.017
ces25-sem-20k,ON|35-54,spend_nation_c,0.2228,1214,1032.5,990.0,0.01
ces25-sem-20k,ON|35-54,spend_defence,0.1937,2528,2162.7,975.0,0.025
ces25-sem-20k,ON|35-54,spend_rec_indi,0.2592,2528,2162.7,990.0,0.01
ces25-sem-20k,ON|35-54,pos_life,0.1603,864,744.0,1000.0,0.0
ces25-sem-20k,ON|35-54,pos_energy,0.1884,799,686.3,997.0,0.003
ces25-sem-20k,ON|35-54,pos_jobs,0.2479,799,686.3,996.0,0.004
ces25-sem-20k,ON|35-54,imm,0.318,2528,2162.7,999.0,0.001
ces25-sem-20k,ON|35-54,demsat,0.064,2528,2162.7,999.0,0.001
ces25-sem-20k,ON|35-54,own_fin_retro,0.3772,2528,2162.7,996.0,0.004
ces25-sem-20k,ON|55+,spend_afford_h,0.116,1626,1272.6,981.0,0.019
ces25-sem-20k,ON|55+,spend_nation_c,0.2464,1565,1248.1,990.0,0.01
ces25-sem-20k,ON|55+,spend_defence,0.3964,3191,2520.6,980.0,0.02
ces25-sem-20k,ON|55+,spend_rec_indi,0.2295,3191,2520.6,979.0,0.021
ces25-sem-20k,ON|55+,pos_life,0.1223,1035,824.6,998.0,0.002
ces25-sem-20k,ON|55+,pos_energy,0.2459,1065,849.3,1000.0,0.0
ces25-sem-20k,ON|55+,pos_jobs,0.1911,1065,849.3,999.0,0.001
ces25-sem-20k,ON|55+,imm,0.1797,3191,2520.6,1000.0,0.0
ces25-sem-20k,ON|55+,demsat,0.1465,3191,2520.6,997.0,0.003
ces25-sem-20k,ON|55+,own_fin_retro,0.2666,3191,2520.6,989.0,0.011
ces25-sem-20k,QC|18-34,spend_afford_h,0.0548,608,505.4,984.0,0.016
ces25-sem-20k,QC|18-34,spend_nation_c,0.1558,632,525.7,981.0,0.019
ces25-sem-20k,QC|18-34,spend_defence,0.2072,1240,1030.8,960.0,0.04
ces25-sem-20k,QC|18-34,spend_rec_indi,0.3328,1240,1030.8,983.0,0.017
ces25-sem-20k,QC|18-34,pos_life,0.1112,436,365.0,996.0,0.004
ces25-sem-20k,QC|18-34,pos_energy,0.2535,413,343.5,996.0,0.004
ces25-sem-20k,QC|18-34,pos_jobs,0.253,413,343.5,999.0,0.001
ces25-sem-20k,QC|18-34,imm,0.3797,1240,1030.8,982.0,0.018
ces25-sem-20k,QC|18-34,demsat,0.1653,1240,1030.8,1000.0,0.0
ces25-sem-20k,QC|18-34,own_fin_retro,0.2456,1240,1030.8,996.0,0.004
ces25-sem-20k,QC|35-54,spend_afford_h,0.0455,774,651.1,985.0,0.015
ces25-sem-20k,QC|35-54,spend_nation_c,0.253,826,688.9,989.0,0.011
ces25-sem-20k,QC|35-54,spend_defence,0.1344,1600,1339.5,976.0,0.024
ces25-sem-20k,QC|35-54,spend_rec_indi,0.4125,1600,1339.5,983.0,0.017
ces25-sem-20k,QC|35-54,pos_life,0.1511,543,456.5,1000.0,0.0
ces25-sem-20k,QC|35-54,pos_energy,0.2098,584,485.5,999.0,0.001
ces25-sem-20k,QC|35-54,pos_jobs,0.1789,584,485.5,996.0,0.004
ces25-sem-20k,QC|35-54,imm,0.4022,1600,1339.5,991.0,0.009
ces25-sem-20k,QC|35-54,demsat,0.1659,1600,1339.5,997.0,0.003
ces25-sem-20k,QC|35-54,own_fin_retro,0.2564,1600,1339.5,998.0,0.002
ces25-sem-20k,QC|55+,spend_afford_h,0.0713,1030,811.2,974.0,0.026
ces25-sem-20k,QC|55+,spend_nation_c,0.3053,1036,823.9,986.0,0.014
ces25-sem-20k,QC|55+,spend_defence,0.3319,2066,1635.0,967.0,0.033
ces25-sem-20k,QC|55+,spend_rec_indi,0.4005,2066,1635.0,974.0,0.026
ces25-sem-20k,QC|55+,pos_life,0.1804,670,528.8,997.0,0.003
ces25-sem-20k,QC|55+,pos_energy,0.2205,693,542.4,996.0,0.004
ces25-sem-20k,QC|55+,pos_jobs,0.2293,693,542.4,996.0,0.004
ces25-sem-20k,QC|55+,imm,0.3781,2066,1635.0,993.0,0.007
ces25-sem-20k,QC|55+,demsat,0.2253,2066,1635.0,996.0,0.004
ces25-sem-20k,QC|55+,own_fin_retro,0.1325,2066,1635.0,1000.0,0.0
ces25-sem-20k,Atlantic|18-34,spend_afford_h,0.1176,148,123.0,988.0,0.012
ces25-sem-20k,Atlantic|18-34,spend_nation_c,0.2451,129,101.5,986.0,0.014
ces25-sem-20k,Atlantic|18-34,spend_defence,0.188,277,223.5,967.0,0.033
ces25-sem-20k,Atlantic|18-34,spend_rec_indi,0.2894,277,223.5,990.0,0.01
ces25-sem-20k,Atlantic|18-34,pos_life,0.2007,90,74.3,997.0,0.003
ces25-sem-20k,Atlantic|18-34,pos_energy,0.1587,96,77.1,997.0,0.003
ces25-sem-20k,Atlantic|18-34,pos_jobs,0.2483,96,77.1,998.0,0.002
ces25-sem-20k,Atlantic|18-34,imm,0.337,277,223.5,996.0,0.004
ces25-sem-20k,Atlantic|18-34,demsat,0.1526,277,223.5,994.0,0.006
ces25-sem-20k,Atlantic|18-34,own_fin_retro,0.3766,277,223.5,992.0,0.008
ces25-sem-20k,Atlantic|35-54,spend_afford_h,0.1453,192,163.8,981.0,0.019
ces25-sem-20k,Atlantic|35-54,spend_nation_c,0.2253,212,177.0,990.0,0.01
ces25-sem-20k,Atlantic|35-54,spend_defence,0.2586,404,339.6,982.0,0.018
ces25-sem-20k,Atlantic|35-54,spend_rec_indi,0.2612,404,339.6,980.0,0.02
ces25-sem-20k,Atlantic|35-54,pos_life,0.1029,127,107.7,999.0,0.001
ces25-sem-20k,Atlantic|35-54,pos_energy,0.1943,137,111.2,998.0,0.002
ces25-sem-20k,Atlantic|35-54,pos_jobs,0.2089,137,111.2,995.0,0.005
ces25-sem-20k,Atlantic|35-54,imm,0.3053,404,339.6,998.0,0.002
ces25-sem-20k,Atlantic|35-54,demsat,0.099,404,339.6,1000.0,0.0
ces25-sem-20k,Atlantic|35-54,own_fin_retro,0.4019,404,339.6,997.0,0.003
ces25-sem-20k,Atlantic|55+,spend_afford_h,0.0879,296,244.7,986.0,0.014
ces25-sem-20k,Atlantic|55+,spend_nation_c,0.2368,293,225.6,988.0,0.012
ces25-sem-20k,Atlantic|55+,spend_defence,0.4439,589,469.9,971.0,0.029
ces25-sem-20k,Atlantic|55+,spend_rec_indi,0.3202,589,469.9,984.0,0.016
ces25-sem-20k,Atlantic|55+,pos_life,0.0934,182,153.4,996.0,0.004
ces25-sem-20k,Atlantic|55+,pos_energy,0.2598,211,162.9,996.0,0.004
ces25-sem-20k,Atlantic|55+,pos_jobs,0.2645,211,162.9,998.0,0.002
ces25-sem-20k,Atlantic|55+,imm,0.1806,589,469.9,997.0,0.003
ces25-sem-20k,Atlantic|55+,demsat,0.2084,589,469.9,997.0,0.003
ces25-sem-20k,Atlantic|55+,own_fin_retro,0.2714,589,469.9,992.0,0.008
llama33-70b-base,BC|18-34,spend_afford_h,0.1902,286,231.7,1000.0,0.0
llama33-70b-base,BC|18-34,spend_nation_c,0.3344,314,262.6,1000.0,0.0
llama33-70b-base,BC|18-34,spend_defence,0.1548,600,493.3,1000.0,0.0
llama33-70b-base,BC|18-34,spend_rec_indi,0.4148,600,493.3,1000.0,0.0
llama33-70b-base,BC|18-34,pos_life,0.2942,210,170.1,1000.0,0.0
llama33-70b-base,BC|18-34,pos_energy,0.3838,193,160.5,1000.0,0.0
llama33-70b-base,BC|18-34,pos_jobs,0.3232,193,160.5,1000.0,0.0
llama33-70b-base,BC|18-34,imm,0.2463,600,493.3,1000.0,0.0
llama33-70b-base,BC|18-34,demsat,0.2546,600,493.3,1000.0,0.0
llama33-70b-base,BC|18-34,own_fin_retro,0.4838,600,493.3,1000.0,0.0
llama33-70b-base,BC|35-54,spend_afford_h,0.2385,396,339.8,1000.0,0.0
llama33-70b-base,BC|35-54,spend_nation_c,0.4303,475,404.4,1000.0,0.0
llama33-70b-base,BC|35-54,spend_defence,0.1928,871,744.2,1000.0,0.0
llama33-70b-base,BC|35-54,spend_rec_indi,0.5693,871,744.2,1000.0,0.0
llama33-70b-base,BC|35-54,pos_life,0.2601,286,244.9,1000.0,0.0
llama33-70b-base,BC|35-54,pos_energy,0.4909,310,264.7,1000.0,0.0
llama33-70b-base,BC|35-54,pos_jobs,0.4235,310,264.7,1000.0,0.0
llama33-70b-base,BC|35-54,imm,0.4179,871,744.2,1000.0,0.0
llama33-70b-base,BC|35-54,demsat,0.2644,871,744.2,1000.0,0.0
llama33-70b-base,BC|35-54,own_fin_retro,0.357,871,744.2,1000.0,0.0
llama33-70b-base,BC|55+,spend_afford_h,0.1942,644,518.2,1000.0,0.0
llama33-70b-base,BC|55+,spend_nation_c,0.3852,623,477.0,1000.0,0.0
llama33-70b-base,BC|55+,spend_defence,0.3759,1267,993.2,1000.0,0.0
llama33-70b-base,BC|55+,spend_rec_indi,0.5083,1267,993.2,1000.0,0.0
llama33-70b-base,BC|55+,pos_life,0.2733,433,338.1,1000.0,0.0
llama33-70b-base,BC|55+,pos_energy,0.452,430,342.2,1000.0,0.0
llama33-70b-base,BC|55+,pos_jobs,0.3876,430,342.2,1000.0,0.0
llama33-70b-base,BC|55+,imm,0.2358,1267,993.2,1000.0,0.0
llama33-70b-base,BC|55+,demsat,0.2769,1267,993.2,1000.0,0.0
llama33-70b-base,BC|55+,own_fin_retro,0.0656,1267,993.2,1000.0,0.0
llama33-70b-base,Prairies|18-34,spend_afford_h,0.1203,490,397.0,1000.0,0.0
llama33-70b-base,Prairies|18-34,spend_nation_c,0.377,444,362.0,1000.0,0.0
llama33-70b-base,Prairies|18-34,spend_defence,0.102,934,759.0,1000.0,0.0
llama33-70b-base,Prairies|18-34,spend_rec_indi,0.4548,934,759.0,1000.0,0.0
llama33-70b-base,Prairies|18-34,pos_life,0.3438,336,271.5,1000.0,0.0
llama33-70b-base,Prairies|18-34,pos_energy,0.3976,286,232.8,1000.0,0.0
llama33-70b-base,Prairies|18-34,pos_jobs,0.4209,286,232.8,1000.0,0.0
llama33-70b-base,Prairies|18-34,imm,0.3318,934,759.0,1000.0,0.0
llama33-70b-base,Prairies|18-34,demsat,0.2297,934,759.0,1000.0,0.0
llama33-70b-base,Prairies|18-34,own_fin_retro,0.349,934,759.0,1000.0,0.0
llama33-70b-base,Prairies|35-54,spend_afford_h,0.1243,586,487.9,1000.0,0.0
llama33-70b-base,Prairies|35-54,spend_nation_c,0.3563,659,557.7,1000.0,0.0
llama33-70b-base,Prairies|35-54,spend_defence,0.0954,1245,1045.5,1000.0,0.0
llama33-70b-base,Prairies|35-54,spend_rec_indi,0.3679,1245,1045.5,1000.0,0.0
llama33-70b-base,Prairies|35-54,pos_life,0.4857,437,367.0,1000.0,0.0
llama33-70b-base,Prairies|35-54,pos_energy,0.2562,407,341.1,1000.0,0.0
llama33-70b-base,Prairies|35-54,pos_jobs,0.3995,407,341.1,1000.0,0.0
llama33-70b-base,Prairies|35-54,imm,0.2767,1245,1045.5,1000.0,0.0
llama33-70b-base,Prairies|35-54,demsat,0.2987,1245,1045.5,1000.0,0.0
llama33-70b-base,Prairies|35-54,own_fin_retro,0.3362,1245,1045.5,1000.0,0.0
llama33-70b-base,Prairies|55+,spend_afford_h,0.1139,672,520.0,1000.0,0.0
llama33-70b-base,Prairies|55+,spend_nation_c,0.3756,717,577.1,1000.0,0.0
llama33-70b-base,Prairies|55+,spend_defence,0.2258,1389,1095.8,1000.0,0.0
llama33-70b-base,Prairies|55+,spend_rec_indi,0.3734,1389,1095.8,1000.0,0.0
llama33-70b-base,Prairies|55+,pos_life,0.5183,456,353.9,1000.0,0.0
llama33-70b-base,Prairies|55+,pos_energy,0.1696,455,360.2,1000.0,0.0
llama33-70b-base,Prairies|55+,pos_jobs,0.3789,455,360.2,1000.0,0.0
llama33-70b-base,Prairies|55+,imm,0.1981,1389,1095.8,1000.0,0.0
llama33-70b-base,Prairies|55+,demsat,0.2803,1389,1095.8,1000.0,0.0
llama33-70b-base,Prairies|55+,own_fin_retro,0.1203,1389,1095.8,1000.0,0.0
llama33-70b-base,ON|18-34,spend_afford_h,0.1088,970,789.6,1000.0,0.0
llama33-70b-base,ON|18-34,spend_nation_c,0.3743,948,775.6,1000.0,0.0
llama33-70b-base,ON|18-34,spend_defence,0.1072,1918,1565.2,1000.0,0.0
llama33-70b-base,ON|18-34,spend_rec_indi,0.4604,1918,1565.2,1000.0,0.0
llama33-70b-base,ON|18-34,pos_life,0.365,658,537.4,1000.0,0.0
llama33-70b-base,ON|18-34,pos_energy,0.4572,602,492.2,1000.0,0.0
llama33-70b-base,ON|18-34,pos_jobs,0.4289,602,492.2,1000.0,0.0
llama33-70b-base,ON|18-34,imm,0.4504,1918,1565.2,1000.0,0.0
llama33-70b-base,ON|18-34,demsat,0.2406,1918,1565.2,1000.0,0.0
llama33-70b-base,ON|18-34,own_fin_retro,0.3661,1918,1565.2,1000.0,0.0
llama33-70b-base,ON|35-54,spend_afford_h,0.1867,1314,1130.6,1000.0,0.0
llama33-70b-base,ON|35-54,spend_nation_c,0.4466,1214,1032.5,1000.0,0.0
llama33-70b-base,ON|35-54,spend_defence,0.1101,2528,2162.7,1000.0,0.0
llama33-70b-base,ON|35-54,spend_rec_indi,0.4589,2528,2162.7,1000.0,0.0
llama33-70b-base,ON|35-54,pos_life,0.3491,864,744.0,1000.0,0.0
llama33-70b-base,ON|35-54,pos_energy,0.4384,799,686.3,1000.0,0.0
llama33-70b-base,ON|35-54,pos_jobs,0.4387,799,686.3,999.0,0.001
llama33-70b-base,ON|35-54,imm,0.3724,2528,2162.7,1000.0,0.0
llama33-70b-base,ON|35-54,demsat,0.2682,2528,2162.7,1000.0,0.0
llama33-70b-base,ON|35-54,own_fin_retro,0.4079,2528,2162.7,1000.0,0.0
llama33-70b-base,ON|55+,spend_afford_h,0.1063,1626,1272.6,1000.0,0.0
llama33-70b-base,ON|55+,spend_nation_c,0.4314,1565,1248.1,1000.0,0.0
llama33-70b-base,ON|55+,spend_defence,0.3328,3191,2520.6,1000.0,0.0
llama33-70b-base,ON|55+,spend_rec_indi,0.3777,3191,2520.6,1000.0,0.0
llama33-70b-base,ON|55+,pos_life,0.4228,1035,824.6,1000.0,0.0
llama33-70b-base,ON|55+,pos_energy,0.4278,1065,849.3,1000.0,0.0
llama33-70b-base,ON|55+,pos_jobs,0.4156,1065,849.3,1000.0,0.0
llama33-70b-base,ON|55+,imm,0.2249,3191,2520.6,1000.0,0.0
llama33-70b-base,ON|55+,demsat,0.2837,3191,2520.6,1000.0,0.0
llama33-70b-base,ON|55+,own_fin_retro,0.0678,3191,2520.6,1000.0,0.0
llama33-70b-base,QC|18-34,spend_afford_h,0.1243,608,505.4,976.0,0.024
llama33-70b-base,QC|18-34,spend_nation_c,0.3183,632,525.7,992.0,0.008
llama33-70b-base,QC|18-34,spend_defence,0.2872,1240,1030.8,999.0,0.001
llama33-70b-base,QC|18-34,spend_rec_indi,0.4396,1240,1030.8,990.0,0.01
llama33-70b-base,QC|18-34,pos_life,0.2829,436,365.0,1000.0,0.0
llama33-70b-base,QC|18-34,pos_energy,0.4973,413,343.5,1000.0,0.0
llama33-70b-base,QC|18-34,pos_jobs,0.4646,413,343.5,1000.0,0.0
llama33-70b-base,QC|18-34,imm,0.3636,1240,1030.8,1000.0,0.0
llama33-70b-base,QC|18-34,demsat,0.2265,1240,1030.8,1000.0,0.0
llama33-70b-base,QC|18-34,own_fin_retro,0.23,1240,1030.8,1000.0,0.0
llama33-70b-base,QC|35-54,spend_afford_h,0.1742,774,651.1,979.0,0.021
llama33-70b-base,QC|35-54,spend_nation_c,0.4208,826,688.9,996.0,0.004
llama33-70b-base,QC|35-54,spend_defence,0.1658,1600,1339.5,995.0,0.005
llama33-70b-base,QC|35-54,spend_rec_indi,0.4238,1600,1339.5,988.0,0.012
llama33-70b-base,QC|35-54,pos_life,0.1372,543,456.5,1000.0,0.0
llama33-70b-base,QC|35-54,pos_energy,0.3612,584,485.5,1000.0,0.0
llama33-70b-base,QC|35-54,pos_jobs,0.3556,584,485.5,1000.0,0.0
llama33-70b-base,QC|35-54,imm,0.3102,1600,1339.5,1000.0,0.0
llama33-70b-base,QC|35-54,demsat,0.2704,1600,1339.5,1000.0,0.0
llama33-70b-base,QC|35-54,own_fin_retro,0.2443,1600,1339.5,1000.0,0.0
llama33-70b-base,QC|55+,spend_afford_h,0.124,1030,811.2,966.0,0.034
llama33-70b-base,QC|55+,spend_nation_c,0.4942,1036,823.9,989.0,0.011
llama33-70b-base,QC|55+,spend_defence,0.4013,2066,1635.0,994.0,0.006
llama33-70b-base,QC|55+,spend_rec_indi,0.3707,2066,1635.0,992.0,0.008
llama33-70b-base,QC|55+,pos_life,0.0792,670,528.8,1000.0,0.0
llama33-70b-base,QC|55+,pos_energy,0.4715,693,542.4,1000.0,0.0
llama33-70b-base,QC|55+,pos_jobs,0.3964,693,542.4,1000.0,0.0
llama33-70b-base,QC|55+,imm,0.2058,2066,1635.0,1000.0,0.0
llama33-70b-base,QC|55+,demsat,0.2907,2066,1635.0,1000.0,0.0
llama33-70b-base,QC|55+,own_fin_retro,0.0898,2066,1635.0,999.0,0.001
llama33-70b-base,Atlantic|18-34,spend_afford_h,0.137,148,123.0,1000.0,0.0
llama33-70b-base,Atlantic|18-34,spend_nation_c,0.432,129,101.5,1000.0,0.0
llama33-70b-base,Atlantic|18-34,spend_defence,0.2645,277,223.5,999.0,0.001
llama33-70b-base,Atlantic|18-34,spend_rec_indi,0.5114,277,223.5,1000.0,0.0
llama33-70b-base,Atlantic|18-34,pos_life,0.3451,90,74.3,1000.0,0.0
llama33-70b-base,Atlantic|18-34,pos_energy,0.6024,96,77.1,1000.0,0.0
llama33-70b-base,Atlantic|18-34,pos_jobs,0.3903,96,77.1,1000.0,0.0
llama33-70b-base,Atlantic|18-34,imm,0.5025,277,223.5,1000.0,0.0
llama33-70b-base,Atlantic|18-34,demsat,0.3408,277,223.5,1000.0,0.0
llama33-70b-base,Atlantic|18-34,own_fin_retro,0.3381,277,223.5,1000.0,0.0
llama33-70b-base,Atlantic|35-54,spend_afford_h,0.0822,192,163.8,1000.0,0.0
llama33-70b-base,Atlantic|35-54,spend_nation_c,0.4168,212,177.0,1000.0,0.0
llama33-70b-base,Atlantic|35-54,spend_defence,0.1998,404,339.6,1000.0,0.0
llama33-70b-base,Atlantic|35-54,spend_rec_indi,0.4634,404,339.6,1000.0,0.0
llama33-70b-base,Atlantic|35-54,pos_life,0.4093,127,107.7,1000.0,0.0
llama33-70b-base,Atlantic|35-54,pos_energy,0.5375,137,111.2,1000.0,0.0
llama33-70b-base,Atlantic|35-54,pos_jobs,0.4454,137,111.2,1000.0,0.0
llama33-70b-base,Atlantic|35-54,imm,0.3713,404,339.6,1000.0,0.0
llama33-70b-base,Atlantic|35-54,demsat,0.3125,404,339.6,1000.0,0.0
llama33-70b-base,Atlantic|35-54,own_fin_retro,0.2833,404,339.6,1000.0,0.0
llama33-70b-base,Atlantic|55+,spend_afford_h,0.1675,296,244.7,1000.0,0.0
llama33-70b-base,Atlantic|55+,spend_nation_c,0.4295,293,225.6,1000.0,0.0
llama33-70b-base,Atlantic|55+,spend_defence,0.4204,589,469.9,999.0,0.001
llama33-70b-base,Atlantic|55+,spend_rec_indi,0.5613,589,469.9,1000.0,0.0
llama33-70b-base,Atlantic|55+,pos_life,0.4621,182,153.4,1000.0,0.0
llama33-70b-base,Atlantic|55+,pos_energy,0.5308,211,162.9,1000.0,0.0
llama33-70b-base,Atlantic|55+,pos_jobs,0.3798,211,162.9,1000.0,0.0
llama33-70b-base,Atlantic|55+,imm,0.3004,589,469.9,1000.0,0.0
llama33-70b-base,Atlantic|55+,demsat,0.362,589,469.9,1000.0,0.0
llama33-70b-base,Atlantic|55+,own_fin_retro,0.0666,589,469.9,1000.0,0.0
modal-baseline,BC|18-34,spend_afford_h,0.2771,286,231.7,1000.0,
modal-baseline,BC|18-34,spend_nation_c,0.6625,314,262.6,1000.0,
modal-baseline,BC|18-34,spend_defence,0.6498,600,493.3,1000.0,
modal-baseline,BC|18-34,spend_rec_indi,0.6292,600,493.3,1000.0,
modal-baseline,BC|18-34,pos_life,0.5983,210,170.1,1000.0,
modal-baseline,BC|18-34,pos_energy,0.7833,193,160.5,1000.0,
modal-baseline,BC|18-34,pos_jobs,0.7618,193,160.5,1000.0,
modal-baseline,BC|18-34,imm,0.411,600,493.3,1000.0,
modal-baseline,BC|18-34,demsat,0.4731,600,493.3,1000.0,
modal-baseline,BC|18-34,own_fin_retro,0.5611,600,493.3,1000.0,
modal-baseline,BC|35-54,spend_afford_h,0.3395,396,339.8,1000.0,
modal-baseline,BC|35-54,spend_nation_c,0.6337,475,404.4,1000.0,
modal-baseline,BC|35-54,spend_defence,0.5198,871,744.2,1000.0,
modal-baseline,BC|35-54,spend_rec_indi,0.6513,871,744.2,1000.0,
modal-baseline,BC|35-54,pos_life,0.5354,286,244.9,1000.0,
modal-baseline,BC|35-54,pos_energy,0.7684,310,264.7,1000.0,
modal-baseline,BC|35-54,pos_jobs,0.7939,310,264.7,1000.0,
modal-baseline,BC|35-54,imm,0.3873,871,744.2,1000.0,
modal-baseline,BC|35-54,demsat,0.495,871,744.2,1000.0,
modal-baseline,BC|35-54,own_fin_retro,0.6017,871,744.2,1000.0,
modal-baseline,BC|55+,spend_afford_h,0.3572,644,518.2,1000.0,
modal-baseline,BC|55+,spend_nation_c,0.5757,623,477.0,1000.0,
modal-baseline,BC|55+,spend_defence,0.3077,1267,993.2,1000.0,
modal-baseline,BC|55+,spend_rec_indi,0.6102,1267,993.2,1000.0,
modal-baseline,BC|55+,pos_life,0.4407,433,338.1,1000.0,
modal-baseline,BC|55+,pos_energy,0.6985,430,342.2,1000.0,
modal-baseline,BC|55+,pos_jobs,0.7349,430,342.2,1000.0,
modal-baseline,BC|55+,imm,0.4296,1267,993.2,1000.0,
modal-baseline,BC|55+,demsat,0.4407,1267,993.2,1000.0,
modal-baseline,BC|55+,own_fin_retro,0.4909,1267,993.2,1000.0,
modal-baseline,Prairies|18-34,spend_afford_h,0.2473,490,397.0,1000.0,
modal-baseline,Prairies|18-34,spend_nation_c,0.6494,444,362.0,1000.0,
modal-baseline,Prairies|18-34,spend_defence,0.5892,934,759.0,1000.0,
modal-baseline,Prairies|18-34,spend_rec_indi,0.6553,934,759.0,1000.0,
modal-baseline,Prairies|18-34,pos_life,0.6601,336,271.5,1000.0,
modal-baseline,Prairies|18-34,pos_energy,0.6418,286,232.8,1000.0,
modal-baseline,Prairies|18-34,pos_jobs,0.7449,286,232.8,1000.0,
modal-baseline,Prairies|18-34,imm,0.3891,934,759.0,1000.0,
modal-baseline,Prairies|18-34,demsat,0.518,934,759.0,1000.0,
modal-baseline,Prairies|18-34,own_fin_retro,0.5686,934,759.0,1000.0,
modal-baseline,Prairies|35-54,spend_afford_h,0.3349,586,487.9,1000.0,
modal-baseline,Prairies|35-54,spend_nation_c,0.6133,659,557.7,1000.0,
modal-baseline,Prairies|35-54,spend_defence,0.4527,1245,1045.5,1000.0,
modal-baseline,Prairies|35-54,spend_rec_indi,0.6957,1245,1045.5,1000.0,
modal-baseline,Prairies|35-54,pos_life,0.5522,437,367.0,1000.0,
modal-baseline,Prairies|35-54,pos_energy,0.7139,407,341.1,1000.0,
modal-baseline,Prairies|35-54,pos_jobs,0.7234,407,341.1,1000.0,
modal-baseline,Prairies|35-54,imm,0.3037,1245,1045.5,1000.0,
modal-baseline,Prairies|35-54,demsat,0.5805,1245,1045.5,1000.0,
modal-baseline,Prairies|35-54,own_fin_retro,0.6216,1245,1045.5,1000.0,
modal-baseline,Prairies|55+,spend_afford_h,0.3909,672,520.0,1000.0,
modal-baseline,Prairies|55+,spend_nation_c,0.536,717,577.1,1000.0,
modal-baseline,Prairies|55+,spend_defence,0.2215,1389,1095.8,1000.0,
modal-baseline,Prairies|55+,spend_rec_indi,0.6491,1389,1095.8,1000.0,
modal-baseline,Prairies|55+,pos_life,0.5345,456,353.9,1000.0,
modal-baseline,Prairies|55+,pos_energy,0.6996,455,360.2,1000.0,
modal-baseline,Prairies|55+,pos_jobs,0.725,455,360.2,1000.0,
modal-baseline,Prairies|55+,imm,0.3108,1389,1095.8,1000.0,
modal-baseline,Prairies|55+,demsat,0.5193,1389,1095.8,1000.0,
modal-baseline,Prairies|55+,own_fin_retro,0.528,1389,1095.8,1000.0,
modal-baseline,ON|18-34,spend_afford_h,0.2108,970,789.6,1000.0,
modal-baseline,ON|18-34,spend_nation_c,0.6627,948,775.6,1000.0,
modal-baseline,ON|18-34,spend_defence,0.6117,1918,1565.2,1000.0,
modal-baseline,ON|18-34,spend_rec_indi,0.6171,1918,1565.2,1000.0,
modal-baseline,ON|18-34,pos_life,0.6947,658,537.4,1000.0,
modal-baseline,ON|18-34,pos_energy,0.7655,602,492.2,1000.0,
modal-baseline,ON|18-34,pos_jobs,0.7283,602,492.2,1000.0,
modal-baseline,ON|18-34,imm,0.3386,1918,1565.2,1000.0,
modal-baseline,ON|18-34,demsat,0.5201,1918,1565.2,1000.0,
modal-baseline,ON|18-34,own_fin_retro,0.6088,1918,1565.2,1000.0,
modal-baseline,ON|35-54,spend_afford_h,0.2927,1314,1130.6,1000.0,
modal-baseline,ON|35-54,spend_nation_c,0.6136,1214,1032.5,1000.0,
modal-baseline,ON|35-54,spend_defence,0.5086,2528,2162.7,1000.0,
modal-baseline,ON|35-54,spend_rec_indi,0.6369,2528,2162.7,1000.0,
modal-baseline,ON|35-54,pos_life,0.6321,864,744.0,1000.0,
modal-baseline,ON|35-54,pos_energy,0.7319,799,686.3,1000.0,
modal-baseline,ON|35-54,pos_jobs,0.7471,799,686.3,1000.0,
modal-baseline,ON|35-54,imm,0.3198,2528,2162.7,1000.0,
modal-baseline,ON|35-54,demsat,0.5343,2528,2162.7,1000.0,
modal-baseline,ON|35-54,own_fin_retro,0.5878,2528,2162.7,1000.0,
modal-baseline,ON|55+,spend_afford_h,0.2663,1626,1272.6,1000.0,
modal-baseline,ON|55+,spend_nation_c,0.5436,1565,1248.1,1000.0,
modal-baseline,ON|55+,spend_defence,0.2746,3191,2520.6,1000.0,
modal-baseline,ON|55+,spend_rec_indi,0.5936,3191,2520.6,1000.0,
modal-baseline,ON|55+,pos_life,0.4832,1035,824.6,1000.0,
modal-baseline,ON|55+,pos_energy,0.694,1065,849.3,1000.0,
modal-baseline,ON|55+,pos_jobs,0.7278,1065,849.3,1000.0,
modal-baseline,ON|55+,imm,0.3513,3191,2520.6,1000.0,
modal-baseline,ON|55+,demsat,0.4519,3191,2520.6,1000.0,
modal-baseline,ON|55+,own_fin_retro,0.4532,3191,2520.6,1000.0,
modal-baseline,QC|18-34,spend_afford_h,0.2493,608,505.4,1000.0,
modal-baseline,QC|18-34,spend_nation_c,0.6818,632,525.7,1000.0,
modal-baseline,QC|18-34,spend_defence,0.5742,1240,1030.8,1000.0,
modal-baseline,QC|18-34,spend_rec_indi,0.623,1240,1030.8,1000.0,
modal-baseline,QC|18-34,pos_life,0.5059,436,365.0,1000.0,
modal-baseline,QC|18-34,pos_energy,0.8028,413,343.5,1000.0,
modal-baseline,QC|18-34,pos_jobs,0.7422,413,343.5,1000.0,
modal-baseline,QC|18-34,imm,0.3994,1240,1030.8,1000.0,
modal-baseline,QC|18-34,demsat,0.4589,1240,1030.8,1000.0,
modal-baseline,QC|18-34,own_fin_retro,0.5601,1240,1030.8,1000.0,
modal-baseline,QC|35-54,spend_afford_h,0.3142,774,651.1,1000.0,
modal-baseline,QC|35-54,spend_nation_c,0.5634,826,688.9,1000.0,
modal-baseline,QC|35-54,spend_defence,0.515,1600,1339.5,1000.0,
modal-baseline,QC|35-54,spend_rec_indi,0.5729,1600,1339.5,1000.0,
modal-baseline,QC|35-54,pos_life,0.4356,543,456.5,1000.0,
modal-baseline,QC|35-54,pos_energy,0.7403,584,485.5,1000.0,
modal-baseline,QC|35-54,pos_jobs,0.7265,584,485.5,1000.0,
modal-baseline,QC|35-54,imm,0.3071,1600,1339.5,1000.0,
modal-baseline,QC|35-54,demsat,0.5198,1600,1339.5,1000.0,
modal-baseline,QC|35-54,own_fin_retro,0.5183,1600,1339.5,1000.0,
modal-baseline,QC|55+,spend_afford_h,0.2203,1030,811.2,1000.0,
modal-baseline,QC|55+,spend_nation_c,0.5327,1036,823.9,1000.0,
modal-baseline,QC|55+,spend_defence,0.3722,2066,1635.0,1000.0,
modal-baseline,QC|55+,spend_rec_indi,0.5364,2066,1635.0,1000.0,
modal-baseline,QC|55+,pos_life,0.4002,670,528.8,1000.0,
modal-baseline,QC|55+,pos_energy,0.7419,693,542.4,1000.0,
modal-baseline,QC|55+,pos_jobs,0.6834,693,542.4,1000.0,
modal-baseline,QC|55+,imm,0.3536,2066,1635.0,1000.0,
modal-baseline,QC|55+,demsat,0.4372,2066,1635.0,1000.0,
modal-baseline,QC|55+,own_fin_retro,0.3483,2066,1635.0,1000.0,
modal-baseline,Atlantic|18-34,spend_afford_h,0.18,148,123.0,1000.0,
modal-baseline,Atlantic|18-34,spend_nation_c,0.6266,129,101.5,1000.0,
modal-baseline,Atlantic|18-34,spend_defence,0.6146,277,223.5,1000.0,
modal-baseline,Atlantic|18-34,spend_rec_indi,0.636,277,223.5,1000.0,
modal-baseline,Atlantic|18-34,pos_life,0.6142,90,74.3,1000.0,
modal-baseline,Atlantic|18-34,pos_energy,0.877,96,77.1,1000.0,
modal-baseline,Atlantic|18-34,pos_jobs,0.7351,96,77.1,1000.0,
modal-baseline,Atlantic|18-34,imm,0.3709,277,223.5,1000.0,
modal-baseline,Atlantic|18-34,demsat,0.5639,277,223.5,1000.0,
modal-baseline,Atlantic|18-34,own_fin_retro,0.6483,277,223.5,1000.0,
modal-baseline,Atlantic|35-54,spend_afford_h,0.1932,192,163.8,1000.0,
modal-baseline,Atlantic|35-54,spend_nation_c,0.6095,212,177.0,1000.0,
modal-baseline,Atlantic|35-54,spend_defence,0.5005,404,339.6,1000.0,
modal-baseline,Atlantic|35-54,spend_rec_indi,0.6487,404,339.6,1000.0,
modal-baseline,Atlantic|35-54,pos_life,0.5265,127,107.7,1000.0,
modal-baseline,Atlantic|35-54,pos_energy,0.7975,137,111.2,1000.0,
modal-baseline,Atlantic|35-54,pos_jobs,0.7984,137,111.2,1000.0,
modal-baseline,Atlantic|35-54,imm,0.2911,404,339.6,1000.0,
modal-baseline,Atlantic|35-54,demsat,0.5984,404,339.6,1000.0,
modal-baseline,Atlantic|35-54,own_fin_retro,0.635,404,339.6,1000.0,
modal-baseline,Atlantic|55+,spend_afford_h,0.2465,296,244.7,1000.0,
modal-baseline,Atlantic|55+,spend_nation_c,0.5679,293,225.6,1000.0,
modal-baseline,Atlantic|55+,spend_defence,0.2884,589,469.9,1000.0,
modal-baseline,Atlantic|55+,spend_rec_indi,0.574,589,469.9,1000.0,
modal-baseline,Atlantic|55+,pos_life,0.5111,182,153.4,1000.0,
modal-baseline,Atlantic|55+,pos_energy,0.686,211,162.9,1000.0,
modal-baseline,Atlantic|55+,pos_jobs,0.6522,211,162.9,1000.0,
modal-baseline,Atlantic|55+,imm,0.4122,589,469.9,1000.0,
modal-baseline,Atlantic|55+,demsat,0.4659,589,469.9,1000.0,
modal-baseline,Atlantic|55+,own_fin_retro,0.4909,589,469.9,1000.0,
ces2021-persistence,BC|18-34,spend_afford_h,0.0808,286,231.7,292.0,
ces2021-persistence,BC|18-34,spend_nation_c,0.0554,314,262.6,238.0,
ces2021-persistence,BC|18-34,spend_defence,0.1489,600,493.3,530.0,
ces2021-persistence,BC|18-34,spend_rec_indi,0.2317,600,493.3,530.0,
ces2021-persistence,BC|18-34,pos_life,0.0957,210,170.1,316.0,
ces2021-persistence,BC|18-34,pos_energy,0.1718,193,160.5,311.0,
ces2021-persistence,BC|18-34,pos_jobs,0.1416,193,160.5,315.0,
ces2021-persistence,BC|18-34,imm,0.3741,600,493.3,530.0,
ces2021-persistence,BC|18-34,demsat,0.0332,600,493.3,530.0,
ces2021-persistence,BC|18-34,own_fin_retro,0.1035,600,493.3,530.0,
ces2021-persistence,BC|35-54,spend_afford_h,0.0634,396,339.8,325.0,
ces2021-persistence,BC|35-54,spend_nation_c,0.0397,475,404.4,321.0,
ces2021-persistence,BC|35-54,spend_defence,0.2655,871,744.2,646.0,
ces2021-persistence,BC|35-54,spend_rec_indi,0.1596,871,744.2,646.0,
ces2021-persistence,BC|35-54,pos_life,0.0833,286,244.9,382.0,
ces2021-persistence,BC|35-54,pos_energy,0.1307,310,264.7,387.0,
ces2021-persistence,BC|35-54,pos_jobs,0.1329,310,264.7,386.0,
ces2021-persistence,BC|35-54,imm,0.2345,871,744.2,646.0,
ces2021-persistence,BC|35-54,demsat,0.0394,871,744.2,646.0,
ces2021-persistence,BC|35-54,own_fin_retro,0.1476,871,744.2,646.0,
ces2021-persistence,BC|55+,spend_afford_h,0.0053,644,518.2,565.0,
ces2021-persistence,BC|55+,spend_nation_c,0.0977,623,477.0,588.0,
ces2021-persistence,BC|55+,spend_defence,0.4082,1267,993.2,1153.0,
ces2021-persistence,BC|55+,spend_rec_indi,0.1954,1267,993.2,1153.0,
ces2021-persistence,BC|55+,pos_life,0.0615,433,338.1,676.0,
ces2021-persistence,BC|55+,pos_energy,0.1686,430,342.2,702.0,
ces2021-persistence,BC|55+,pos_jobs,0.0889,430,342.2,691.0,
ces2021-persistence,BC|55+,imm,0.286,1267,993.2,1153.0,
ces2021-persistence,BC|55+,demsat,0.0262,1267,993.2,1153.0,
ces2021-persistence,BC|55+,own_fin_retro,0.1295,1267,993.2,1153.0,
ces2021-persistence,Prairies|18-34,spend_afford_h,0.1109,490,397.0,381.0,
ces2021-persistence,Prairies|18-34,spend_nation_c,0.0564,444,362.0,406.0,
ces2021-persistence,Prairies|18-34,spend_defence,0.2248,934,759.0,787.0,
ces2021-persistence,Prairies|18-34,spend_rec_indi,0.1941,934,759.0,787.0,
ces2021-persistence,Prairies|18-34,pos_life,0.1307,336,271.5,466.0,
ces2021-persistence,Prairies|18-34,pos_energy,0.1483,286,232.8,478.0,
ces2021-persistence,Prairies|18-34,pos_jobs,0.1407,286,232.8,471.0,
ces2021-persistence,Prairies|18-34,imm,0.2927,934,759.0,787.0,
ces2021-persistence,Prairies|18-34,demsat,0.0222,934,759.0,787.0,
ces2021-persistence,Prairies|18-34,own_fin_retro,0.1073,934,759.0,787.0,
ces2021-persistence,Prairies|35-54,spend_afford_h,0.1616,586,487.9,556.0,
ces2021-persistence,Prairies|35-54,spend_nation_c,0.0772,659,557.7,560.0,
ces2021-persistence,Prairies|35-54,spend_defence,0.2764,1245,1045.5,1116.0,
ces2021-persistence,Prairies|35-54,spend_rec_indi,0.1037,1245,1045.5,1116.0,
ces2021-persistence,Prairies|35-54,pos_life,0.0586,437,367.0,683.0,
ces2021-persistence,Prairies|35-54,pos_energy,0.0954,407,341.1,702.0,
ces2021-persistence,Prairies|35-54,pos_jobs,0.0744,407,341.1,659.0,
ces2021-persistence,Prairies|35-54,imm,0.2608,1245,1045.5,1116.0,
ces2021-persistence,Prairies|35-54,demsat,0.0817,1245,1045.5,1116.0,
ces2021-persistence,Prairies|35-54,own_fin_retro,0.0903,1245,1045.5,1116.0,
ces2021-persistence,Prairies|55+,spend_afford_h,0.1166,672,520.0,934.0,
ces2021-persistence,Prairies|55+,spend_nation_c,0.1201,717,577.1,931.0,
ces2021-persistence,Prairies|55+,spend_defence,0.3992,1389,1095.8,1865.0,
ces2021-persistence,Prairies|55+,spend_rec_indi,0.1384,1389,1095.8,1865.0,
ces2021-persistence,Prairies|55+,pos_life,0.0647,456,353.9,1105.0,
ces2021-persistence,Prairies|55+,pos_energy,0.1335,455,360.2,1165.0,
ces2021-persistence,Prairies|55+,pos_jobs,0.0624,455,360.2,1146.0,
ces2021-persistence,Prairies|55+,imm,0.281,1389,1095.8,1865.0,
ces2021-persistence,Prairies|55+,demsat,0.0319,1389,1095.8,1865.0,
ces2021-persistence,Prairies|55+,own_fin_retro,0.1293,1389,1095.8,1865.0,
ces2021-persistence,ON|18-34,spend_afford_h,0.0166,970,789.6,880.0,
ces2021-persistence,ON|18-34,spend_nation_c,0.0904,948,775.6,868.0,
ces2021-persistence,ON|18-34,spend_defence,0.2322,1918,1565.2,1748.0,
ces2021-persistence,ON|18-34,spend_rec_indi,0.2868,1918,1565.2,1748.0,
ces2021-persistence,ON|18-34,pos_life,0.1276,658,537.4,1030.0,
ces2021-persistence,ON|18-34,pos_energy,0.1628,602,492.2,1059.0,
ces2021-persistence,ON|18-34,pos_jobs,0.1845,602,492.2,1038.0,
ces2021-persistence,ON|18-34,imm,0.3797,1918,1565.2,1748.0,
ces2021-persistence,ON|18-34,demsat,0.0685,1918,1565.2,1748.0,
ces2021-persistence,ON|18-34,own_fin_retro,0.1474,1918,1565.2,1748.0,
ces2021-persistence,ON|35-54,spend_afford_h,0.0651,1314,1130.6,1061.0,
ces2021-persistence,ON|35-54,spend_nation_c,0.0547,1214,1032.5,1103.0,
ces2021-persistence,ON|35-54,spend_defence,0.2723,2528,2162.7,2164.0,
ces2021-persistence,ON|35-54,spend_rec_indi,0.1478,2528,2162.7,2164.0,
ces2021-persistence,ON|35-54,pos_life,0.0822,864,744.0,1263.0,
ces2021-persistence,ON|35-54,pos_energy,0.122,799,686.3,1337.0,
ces2021-persistence,ON|35-54,pos_jobs,0.1238,799,686.3,1263.0,
ces2021-persistence,ON|35-54,imm,0.2627,2528,2162.7,2164.0,
ces2021-persistence,ON|35-54,demsat,0.0817,2528,2162.7,2164.0,
ces2021-persistence,ON|35-54,own_fin_retro,0.1535,2528,2162.7,2164.0,
ces2021-persistence,ON|55+,spend_afford_h,0.102,1626,1272.6,1726.0,
ces2021-persistence,ON|55+,spend_nation_c,0.1202,1565,1248.1,1671.0,
ces2021-persistence,ON|55+,spend_defence,0.4131,3191,2520.6,3397.0,
ces2021-persistence,ON|55+,spend_rec_indi,0.1639,3191,2520.6,3397.0,
ces2021-persistence,ON|55+,pos_life,0.0552,1035,824.6,1979.0,
ces2021-persistence,ON|55+,pos_energy,0.1605,1065,849.3,2070.0,
ces2021-persistence,ON|55+,pos_jobs,0.1189,1065,849.3,2018.0,
ces2021-persistence,ON|55+,imm,0.2867,3191,2520.6,3397.0,
ces2021-persistence,ON|55+,demsat,0.0353,3191,2520.6,3397.0,
ces2021-persistence,ON|55+,own_fin_retro,0.1198,3191,2520.6,3397.0,
ces2021-persistence,QC|18-34,spend_afford_h,0.1206,608,505.4,645.0,
ces2021-persistence,QC|18-34,spend_nation_c,0.0655,632,525.7,679.0,
ces2021-persistence,QC|18-34,spend_defence,0.2584,1240,1030.8,1324.0,
ces2021-persistence,QC|18-34,spend_rec_indi,0.1875,1240,1030.8,1324.0,
ces2021-persistence,QC|18-34,pos_life,0.1082,436,365.0,796.0,
ces2021-persistence,QC|18-34,pos_energy,0.1457,413,343.5,808.0,
ces2021-persistence,QC|18-34,pos_jobs,0.2073,413,343.5,807.0,
ces2021-persistence,QC|18-34,imm,0.3199,1240,1030.8,1324.0,
ces2021-persistence,QC|18-34,demsat,0.038,1240,1030.8,1324.0,
ces2021-persistence,QC|18-34,own_fin_retro,0.1354,1240,1030.8,1324.0,
ces2021-persistence,QC|35-54,spend_afford_h,0.0887,774,651.1,1051.0,
ces2021-persistence,QC|35-54,spend_nation_c,0.0989,826,688.9,1044.0,
ces2021-persistence,QC|35-54,spend_defence,0.3345,1600,1339.5,2095.0,
ces2021-persistence,QC|35-54,spend_rec_indi,0.148,1600,1339.5,2095.0,
ces2021-persistence,QC|35-54,pos_life,0.0493,543,456.5,1300.0,
ces2021-persistence,QC|35-54,pos_energy,0.1957,584,485.5,1249.0,
ces2021-persistence,QC|35-54,pos_jobs,0.1119,584,485.5,1210.0,
ces2021-persistence,QC|35-54,imm,0.3405,1600,1339.5,2095.0,
ces2021-persistence,QC|35-54,demsat,0.0833,1600,1339.5,2095.0,
ces2021-persistence,QC|35-54,own_fin_retro,0.1207,1600,1339.5,2095.0,
ces2021-persistence,QC|55+,spend_afford_h,0.0748,1030,811.2,1477.0,
ces2021-persistence,QC|55+,spend_nation_c,0.1588,1036,823.9,1421.0,
ces2021-persistence,QC|55+,spend_defence,0.4933,2066,1635.0,2898.0,
ces2021-persistence,QC|55+,spend_rec_indi,0.1077,2066,1635.0,2898.0,
ces2021-persistence,QC|55+,pos_life,0.0817,670,528.8,1715.0,
ces2021-persistence,QC|55+,pos_energy,0.25,693,542.4,1779.0,
ces2021-persistence,QC|55+,pos_jobs,0.1327,693,542.4,1723.0,
ces2021-persistence,QC|55+,imm,0.4014,2066,1635.0,2898.0,
ces2021-persistence,QC|55+,demsat,0.0346,2066,1635.0,2898.0,
ces2021-persistence,QC|55+,own_fin_retro,0.0845,2066,1635.0,2898.0,
ces2021-persistence,Atlantic|18-34,spend_afford_h,0.0577,148,123.0,106.0,
ces2021-persistence,Atlantic|18-34,spend_nation_c,0.158,129,101.5,113.0,
ces2021-persistence,Atlantic|18-34,spend_defence,0.1928,277,223.5,219.0,
ces2021-persistence,Atlantic|18-34,spend_rec_indi,0.2215,277,223.5,219.0,
ces2021-persistence,Atlantic|18-34,pos_life,0.2386,90,74.3,137.0,
ces2021-persistence,Atlantic|18-34,pos_energy,0.1002,96,77.1,129.0,
ces2021-persistence,Atlantic|18-34,pos_jobs,0.1756,96,77.1,125.0,
ces2021-persistence,Atlantic|18-34,imm,0.3295,277,223.5,219.0,
ces2021-persistence,Atlantic|18-34,demsat,0.0928,277,223.5,219.0,
ces2021-persistence,Atlantic|18-34,own_fin_retro,0.1246,277,223.5,219.0,
ces2021-persistence,Atlantic|35-54,spend_afford_h,0.0887,192,163.8,203.0,
ces2021-persistence,Atlantic|35-54,spend_nation_c,0.0253,212,177.0,186.0,
ces2021-persistence,Atlantic|35-54,spend_defence,0.29,404,339.6,389.0,
ces2021-persistence,Atlantic|35-54,spend_rec_indi,0.1519,404,339.6,389.0,
ces2021-persistence,Atlantic|35-54,pos_life,0.074,127,107.7,232.0,
ces2021-persistence,Atlantic|35-54,pos_energy,0.1582,137,111.2,233.0,
ces2021-persistence,Atlantic|35-54,pos_jobs,0.0947,137,111.2,246.0,
ces2021-persistence,Atlantic|35-54,imm,0.3062,404,339.6,389.0,
ces2021-persistence,Atlantic|35-54,demsat,0.1158,404,339.6,389.0,
ces2021-persistence,Atlantic|35-54,own_fin_retro,0.1565,404,339.6,389.0,
ces2021-persistence,Atlantic|55+,spend_afford_h,0.0288,296,244.7,300.0,
ces2021-persistence,Atlantic|55+,spend_nation_c,0.0839,293,225.6,290.0,
ces2021-persistence,Atlantic|55+,spend_defence,0.3684,589,469.9,590.0,
ces2021-persistence,Atlantic|55+,spend_rec_indi,0.159,589,469.9,590.0,
ces2021-persistence,Atlantic|55+,pos_life,0.0557,182,153.4,350.0,
ces2021-persistence,Atlantic|55+,pos_energy,0.1911,211,162.9,352.0,
ces2021-persistence,Atlantic|55+,pos_jobs,0.1391,211,162.9,346.0,
ces2021-persistence,Atlantic|55+,imm,0.2812,589,469.9,590.0,
ces2021-persistence,Atlantic|55+,demsat,0.1,589,469.9,590.0,
ces2021-persistence,Atlantic|55+,own_fin_retro,0.1299,589,469.9,590.0,
human-floor,BC|18-34,spend_afford_h,0.0612,286,231.7,,
human-floor,BC|18-34,spend_nation_c,0.0754,314,262.6,,
human-floor,BC|18-34,spend_defence,0.0583,600,493.3,,
human-floor,BC|18-34,spend_rec_indi,0.0616,600,493.3,,
human-floor,BC|18-34,pos_life,0.117,210,170.1,,
human-floor,BC|18-34,pos_energy,0.1345,193,160.5,,
human-floor,BC|18-34,pos_jobs,0.1285,193,160.5,,
human-floor,BC|18-34,imm,0.0505,600,493.3,,
human-floor,BC|18-34,demsat,0.0653,600,493.3,,
human-floor,BC|18-34,own_fin_retro,0.0565,600,493.3,,
human-floor,BC|35-54,spend_afford_h,0.0575,396,339.8,,
human-floor,BC|35-54,spend_nation_c,0.0649,475,404.4,,
human-floor,BC|35-54,spend_defence,0.0463,871,744.2,,
human-floor,BC|35-54,spend_rec_indi,0.0449,871,744.2,,
human-floor,BC|35-54,pos_life,0.0938,286,244.9,,
human-floor,BC|35-54,pos_energy,0.102,310,264.7,,
human-floor,BC|35-54,pos_jobs,0.1014,310,264.7,,
human-floor,BC|35-54,imm,0.0422,871,744.2,,
human-floor,BC|35-54,demsat,0.055,871,744.2,,
human-floor,BC|35-54,own_fin_retro,0.0439,871,744.2,,
human-floor,BC|55+,spend_afford_h,0.0468,644,518.2,,
human-floor,BC|55+,spend_nation_c,0.056,623,477.0,,
human-floor,BC|55+,spend_defence,0.0335,1267,993.2,,
human-floor,BC|55+,spend_rec_indi,0.0382,1267,993.2,,
human-floor,BC|55+,pos_life,0.078,433,338.1,,
human-floor,BC|55+,pos_energy,0.083,430,342.2,,
human-floor,BC|55+,pos_jobs,0.0878,430,342.2,,
human-floor,BC|55+,imm,0.0368,1267,993.2,,
human-floor,BC|55+,demsat,0.0427,1267,993.2,,
human-floor,BC|55+,own_fin_retro,0.0322,1267,993.2,,
human-floor,Prairies|18-34,spend_afford_h,0.0453,490,397.0,,
human-floor,Prairies|18-34,spend_nation_c,0.0661,444,362.0,,
human-floor,Prairies|18-34,spend_defence,0.0447,934,759.0,,
human-floor,Prairies|18-34,spend_rec_indi,0.0475,934,759.0,,
human-floor,Prairies|18-34,pos_life,0.1007,336,271.5,,
human-floor,Prairies|18-34,pos_energy,0.1151,286,232.8,,
human-floor,Prairies|18-34,pos_jobs,0.1171,286,232.8,,
human-floor,Prairies|18-34,imm,0.0393,934,759.0,,
human-floor,Prairies|18-34,demsat,0.0495,934,759.0,,
human-floor,Prairies|18-34,own_fin_retro,0.0422,934,759.0,,
human-floor,Prairies|35-54,spend_afford_h,0.0497,586,487.9,,
human-floor,Prairies|35-54,spend_nation_c,0.0551,659,557.7,,
human-floor,Prairies|35-54,spend_defence,0.0376,1245,1045.5,,
human-floor,Prairies|35-54,spend_rec_indi,0.0407,1245,1045.5,,
human-floor,Prairies|35-54,pos_life,0.081,437,367.0,,
human-floor,Prairies|35-54,pos_energy,0.0871,407,341.1,,
human-floor,Prairies|35-54,pos_jobs,0.0886,407,341.1,,
human-floor,Prairies|35-54,imm,0.0321,1245,1045.5,,
human-floor,Prairies|35-54,demsat,0.0455,1245,1045.5,,
human-floor,Prairies|35-54,own_fin_retro,0.0353,1245,1045.5,,
human-floor,Prairies|55+,spend_afford_h,0.0491,672,520.0,,
human-floor,Prairies|55+,spend_nation_c,0.0502,717,577.1,,
human-floor,Prairies|55+,spend_defence,0.026,1389,1095.8,,
human-floor,Prairies|55+,spend_rec_indi,0.0365,1389,1095.8,,
human-floor,Prairies|55+,pos_life,0.085,456,353.9,,
human-floor,Prairies|55+,pos_energy,0.073,455,360.2,,
human-floor,Prairies|55+,pos_jobs,0.0864,455,360.2,,
human-floor,Prairies|55+,imm,0.0301,1389,1095.8,,
human-floor,Prairies|55+,demsat,0.0397,1389,1095.8,,
human-floor,Prairies|55+,own_fin_retro,0.0302,1389,1095.8,,
human-floor,ON|18-34,spend_afford_h,0.0322,970,789.6,,
human-floor,ON|18-34,spend_nation_c,0.0425,948,775.6,,
human-floor,ON|18-34,spend_defence,0.0327,1918,1565.2,,
human-floor,ON|18-34,spend_rec_indi,0.0339,1918,1565.2,,
human-floor,ON|18-34,pos_life,0.0745,658,537.4,,
human-floor,ON|18-34,pos_energy,0.0784,602,492.2,,
human-floor,ON|18-34,pos_jobs,0.0764,602,492.2,,
human-floor,ON|18-34,imm,0.0271,1918,1565.2,,
human-floor,ON|18-34,demsat,0.035,1918,1565.2,,
human-floor,ON|18-34,own_fin_retro,0.0296,1918,1565.2,,
human-floor,ON|35-54,spend_afford_h,0.0317,1314,1130.6,,
human-floor,ON|35-54,spend_nation_c,0.0381,1214,1032.5,,
human-floor,ON|35-54,spend_defence,0.0252,2528,2162.7,,
human-floor,ON|35-54,spend_rec_indi,0.0283,2528,2162.7,,
human-floor,ON|35-54,pos_life,0.0598,864,744.0,,
human-floor,ON|35-54,pos_energy,0.0669,799,686.3,,
human-floor,ON|35-54,pos_jobs,0.0649,799,686.3,,
human-floor,ON|35-54,imm,0.0227,2528,2162.7,,
human-floor,ON|35-54,demsat,0.0312,2528,2162.7,,
human-floor,ON|35-54,own_fin_retro,0.0252,2528,2162.7,,
human-floor,ON|55+,spend_afford_h,0.0267,1626,1272.6,,
human-floor,ON|55+,spend_nation_c,0.036,1565,1248.1,,
human-floor,ON|55+,spend_defence,0.0194,3191,2520.6,,
human-floor,ON|55+,spend_rec_indi,0.0245,3191,2520.6,,
human-floor,ON|55+,pos_life,0.051,1035,824.6,,
human-floor,ON|55+,pos_energy,0.0524,1065,849.3,,
human-floor,ON|55+,pos_jobs,0.0524,1065,849.3,,
human-floor,ON|55+,imm,0.0208,3191,2520.6,,
human-floor,ON|55+,demsat,0.0268,3191,2520.6,,
human-floor,ON|55+,own_fin_retro,0.0199,3191,2520.6,,
human-floor,QC|18-34,spend_afford_h,0.0443,608,505.4,,
human-floor,QC|18-34,spend_nation_c,0.0535,632,525.7,,
human-floor,QC|18-34,spend_defence,0.0393,1240,1030.8,,
human-floor,QC|18-34,spend_rec_indi,0.0405,1240,1030.8,,
human-floor,QC|18-34,pos_life,0.0786,436,365.0,,
human-floor,QC|18-34,pos_energy,0.0915,413,343.5,,
human-floor,QC|18-34,pos_jobs,0.0897,413,343.5,,
human-floor,QC|18-34,imm,0.0315,1240,1030.8,,
human-floor,QC|18-34,demsat,0.044,1240,1030.8,,
human-floor,QC|18-34,own_fin_retro,0.038,1240,1030.8,,
human-floor,QC|35-54,spend_afford_h,0.0407,774,651.1,,
human-floor,QC|35-54,spend_nation_c,0.0472,826,688.9,,
human-floor,QC|35-54,spend_defence,0.0333,1600,1339.5,,
human-floor,QC|35-54,spend_rec_indi,0.0342,1600,1339.5,,
human-floor,QC|35-54,pos_life,0.0663,543,456.5,,
human-floor,QC|35-54,pos_energy,0.0789,584,485.5,,
human-floor,QC|35-54,pos_jobs,0.077,584,485.5,,
human-floor,QC|35-54,imm,0.0273,1600,1339.5,,
human-floor,QC|35-54,demsat,0.0385,1600,1339.5,,
human-floor,QC|35-54,own_fin_retro,0.0336,1600,1339.5,,
human-floor,QC|55+,spend_afford_h,0.0293,1030,811.2,,
human-floor,QC|55+,spend_nation_c,0.0435,1036,823.9,,
human-floor,QC|55+,spend_defence,0.0281,2066,1635.0,,
human-floor,QC|55+,spend_rec_indi,0.0308,2066,1635.0,,
human-floor,QC|55+,pos_life,0.0564,670,528.8,,
human-floor,QC|55+,pos_energy,0.0758,693,542.4,,
human-floor,QC|55+,pos_jobs,0.0677,693,542.4,,
human-floor,QC|55+,imm,0.0257,2066,1635.0,,
human-floor,QC|55+,demsat,0.0325,2066,1635.0,,
human-floor,QC|55+,own_fin_retro,0.0253,2066,1635.0,,
human-floor,Atlantic|18-34,spend_afford_h,0.077,148,123.0,,
human-floor,Atlantic|18-34,spend_nation_c,0.1121,129,101.5,,
human-floor,Atlantic|18-34,spend_defence,0.085,277,223.5,,
human-floor,Atlantic|18-34,spend_rec_indi,0.0885,277,223.5,,
human-floor,Atlantic|18-34,pos_life,0.1921,90,74.3,,
human-floor,Atlantic|18-34,pos_energy,0.1991,96,77.1,,
human-floor,Atlantic|18-34,pos_jobs,0.2021,96,77.1,,
human-floor,Atlantic|18-34,imm,0.0747,277,223.5,,
human-floor,Atlantic|18-34,demsat,0.0977,277,223.5,,
human-floor,Atlantic|18-34,own_fin_retro,0.083,277,223.5,,
human-floor,Atlantic|35-54,spend_afford_h,0.0655,192,163.8,,
human-floor,Atlantic|35-54,spend_nation_c,0.0958,212,177.0,,
human-floor,Atlantic|35-54,spend_defence,0.0703,404,339.6,,
human-floor,Atlantic|35-54,spend_rec_indi,0.0712,404,339.6,,
human-floor,Atlantic|35-54,pos_life,0.1414,127,107.7,,
human-floor,Atlantic|35-54,pos_energy,0.1551,137,111.2,,
human-floor,Atlantic|35-54,pos_jobs,0.1647,137,111.2,,
human-floor,Atlantic|35-54,imm,0.0523,404,339.6,,
human-floor,Atlantic|35-54,demsat,0.0822,404,339.6,,
human-floor,Atlantic|35-54,own_fin_retro,0.0594,404,339.6,,
human-floor,Atlantic|55+,spend_afford_h,0.0664,296,244.7,,
human-floor,Atlantic|55+,spend_nation_c,0.0747,293,225.6,,
human-floor,Atlantic|55+,spend_defence,0.0474,589,469.9,,
human-floor,Atlantic|55+,spend_rec_indi,0.0573,589,469.9,,
human-floor,Atlantic|55+,pos_life,0.1243,182,153.4,,
human-floor,Atlantic|55+,pos_energy,0.1298,211,162.9,,
human-floor,Atlantic|55+,pos_jobs,0.1327,211,162.9,,
human-floor,Atlantic|55+,imm,0.0524,589,469.9,,
human-floor,Atlantic|55+,demsat,0.0651,589,469.9,,
human-floor,Atlantic|55+,own_fin_retro,0.0562,589,469.9,,
