arm,item_idx,mean_tv,mean_kl,n_cells,block,distance_bin
A,0,0.25816050403856056,0.23969320940600572,23,sante,far
A,2,0.20588596666722409,0.1797519494731625,15,democratie_engagement,far
A,3,0.21891069275955305,0.2042583912098374,15,democratie_engagement,far
A,5,0.21752605552031826,0.26812138331608376,16,democratie_engagement,far
A,6,0.6263250008227151,1.3364866222859986,8,partis_vote,far
A,8,0.3047041767434975,0.37739559787264965,8,partis_vote,far
A,9,0.21582707581061636,0.2170578443632626,8,sante,far
A,10,0.31746379937953245,0.3963989466783152,8,etat_economie,far
A,11,0.3362790506478225,0.41049665381545536,8,etat_economie,far
A,12,0.20741033166498696,0.26213078580634513,23,sante,isolated
A,13,0.2164304432433237,0.3442911540962486,15,sante,isolated
A,14,0.47014776891659105,0.5668630054926295,53,economie_percue,isolated
A,15,0.20928805560657224,0.2299671600056333,10,valeurs_sociales,isolated
A,16,0.2086851674407159,0.17935857817913106,10,valeurs_sociales,isolated
A,17,0.3075922931321162,0.2802456833366915,17,economie_percue,isolated
A,18,0.26506613313301186,0.26219962775713695,8,valeurs_sociales,isolated
A,19,0.5986505648193248,1.0114328877909364,10,democratie_engagement,isolated
A,22,0.24666790788537088,0.2065432032170899,8,democratie_engagement,isolated
A,23,0.4855389090999137,0.8216700167515737,8,valeurs_sociales,isolated
A,24,0.39531381799335713,0.5322470065730485,15,partis_vote,moderate
A,26,0.33826283427560616,0.3097448995128468,50,sante,moderate
A,27,0.30000592357248956,0.31211077512050794,43,etat_economie,moderate
A,28,0.1642031300765478,0.0983400996711907,53,economie_percue,moderate
A,29,0.20900282950886237,0.1613224990732159,47,valeurs_sociales,moderate
A,30,0.4169859937355373,0.6649102757758973,8,partis_vote,moderate
A,31,0.38802085168656303,0.7518963842564286,11,partis_vote,moderate
A,32,0.185345626239645,0.11848416313239356,8,etat_economie,moderate
A,34,0.19761615832682528,0.1614764179251028,8,valeurs_sociales,moderate
A,35,0.36234816648420715,0.44469617448891835,8,partis_vote,moderate
A,36,0.23810074600567835,0.21093156520531847,15,democratie_engagement,near
A,37,0.23928516986127596,0.22683122459783903,34,democratie_engagement,near
A,38,0.39881023590841996,0.5401265866427648,17,etat_economie,near
A,39,0.3323947379690928,0.4092197836440268,29,democratie_engagement,near
A,41,0.2378299619151016,0.2807468398186137,15,valeurs_sociales,near
A,42,0.251400309394636,0.3355133709742502,11,identite_qc_federalisme,near
A,44,0.5610727476423442,1.2827124908421341,8,partis_vote,near
A,45,0.2878662489951825,0.28394752951632124,8,identite_qc_federalisme,near
A,46,0.39040436382365046,0.5093546093639572,8,partis_vote,near
A,47,0.3557453239950987,0.5265806489772794,8,partis_vote,near
A,49,0.21988442826557353,0.16468674304608702,61,economie_percue,quasi_duplicate
A,50,0.22433675762316155,0.18927922663773983,40,economie_percue,quasi_duplicate
A,51,0.18241458860021947,0.15586075297880247,43,democratie_engagement,quasi_duplicate
A,52,0.21197298560468392,0.16792211853017974,10,identite_qc_federalisme,quasi_duplicate
A,54,0.3778034121723589,0.5251932345960554,11,identite_qc_federalisme,quasi_duplicate
A,55,0.19879003341342436,0.14580354881817328,11,sante,quasi_duplicate
A,57,0.2576680691363007,0.263030612918215,11,valeurs_sociales,quasi_duplicate
A,58,0.26727427744790383,0.2505977272767343,11,etat_economie,quasi_duplicate
A,59,0.5085327835462135,0.7673621195704778,12,identite_qc_federalisme,quasi_duplicate
A20,0,0.26641190475454707,0.2706464123122413,23,sante,far
A20,2,0.2320831037459524,0.231367632147446,15,democratie_engagement,far
A20,3,0.2127753066878962,0.1944405772416526,15,democratie_engagement,far
A20,5,0.19387685099509472,0.18325047177475112,16,democratie_engagement,far
A20,6,0.5649231712154374,0.9541991511382509,8,partis_vote,far
A20,8,0.3070503764952106,0.32517299494250074,8,partis_vote,far
A20,9,0.18826366450254892,0.16652122131306143,8,sante,far
A20,10,0.3923978223647823,0.47744001252758195,8,etat_economie,far
A20,11,0.32132513189108924,0.3976785118718821,8,etat_economie,far
A20,12,0.20108986170021612,0.20535190885029198,23,sante,isolated
A20,13,0.1834137676785013,0.2091344032404678,15,sante,isolated
A20,14,0.35701957686928903,0.3738016538964292,53,economie_percue,isolated
A20,15,0.22179037232800095,0.24828241025750303,10,valeurs_sociales,isolated
A20,16,0.18369747638501663,0.1342574327065979,10,valeurs_sociales,isolated
A20,17,0.2965286149108066,0.2710358188884207,17,economie_percue,isolated
A20,18,0.2326144673818331,0.2430389465322519,8,valeurs_sociales,isolated
A20,19,0.5354605603848905,0.8033194862244143,10,democratie_engagement,isolated
A20,22,0.1956254226861493,0.1531804161508576,8,democratie_engagement,isolated
A20,23,0.4351338052442329,0.6364807427807206,8,valeurs_sociales,isolated
A20,24,0.40927239086351397,0.5541847665110132,15,partis_vote,moderate
A20,26,0.34556685253485525,0.32124924870868626,50,sante,moderate
A20,27,0.24667791061388936,0.22770343325738773,43,etat_economie,moderate
A20,28,0.1391463426559038,0.08186526016172417,53,economie_percue,moderate
A20,29,0.23828195030508836,0.2014396730990593,47,valeurs_sociales,moderate
A20,30,0.3784892416018073,0.5489228936537041,8,partis_vote,moderate
A20,31,0.259615760408991,0.323097276128,11,partis_vote,moderate
A20,32,0.20232492251117468,0.14180900120901974,8,etat_economie,moderate
A20,34,0.2945192053088159,0.2618583918042654,8,valeurs_sociales,moderate
A20,35,0.28835193234272977,0.3124080728480361,8,partis_vote,moderate
A20,36,0.2178788243047756,0.19251838142682676,15,democratie_engagement,near
A20,37,0.22743595172434494,0.20234395706476682,34,democratie_engagement,near
A20,38,0.34223114945061284,0.36743883295781266,17,etat_economie,near
A20,39,0.2789144503594587,0.3328868303184535,29,democratie_engagement,near
A20,41,0.2558749172735406,0.2512041227182113,15,valeurs_sociales,near
A20,42,0.1931630349621125,0.19123716102573124,11,identite_qc_federalisme,near
A20,44,0.450947273889401,0.670402580450332,8,partis_vote,near
A20,45,0.38645653962982374,0.4725120710531493,8,identite_qc_federalisme,near
A20,46,0.41048923810610133,0.5490632957280477,8,partis_vote,near
A20,47,0.3499461699124114,0.46471291785563507,8,partis_vote,near
A20,49,0.15619447111092719,0.10143598980400802,61,economie_percue,quasi_duplicate
A20,50,0.22431785168751572,0.180264078708218,40,economie_percue,quasi_duplicate
A20,51,0.1952679359748477,0.1716785051406903,43,democratie_engagement,quasi_duplicate
A20,52,0.24771540671765574,0.24652255298537967,10,identite_qc_federalisme,quasi_duplicate
A20,54,0.4328143288516323,0.6117788172850861,11,identite_qc_federalisme,quasi_duplicate
A20,55,0.18245504369707338,0.14745997559987575,11,sante,quasi_duplicate
A20,57,0.2758219655591037,0.28739308656305396,11,valeurs_sociales,quasi_duplicate
A20,58,0.2404694931640383,0.22323903929904398,11,etat_economie,quasi_duplicate
A20,59,0.2855888514064466,0.23787601058385346,12,identite_qc_federalisme,quasi_duplicate
AVG3,0,0.24538050991146212,0.20975253319763268,23,sante,far
AVG3,2,0.21817585585966343,0.19211711383101268,15,democratie_engagement,far
AVG3,3,0.21756451981576547,0.20209307470107396,15,democratie_engagement,far
AVG3,5,0.1969144984720268,0.1947456517539336,16,democratie_engagement,far
AVG3,6,0.5453583247637948,0.8665924492890688,8,partis_vote,far
AVG3,8,0.2681842168000122,0.2547105130630474,8,partis_vote,far
AVG3,9,0.21076084005917856,0.19415378338294953,8,sante,far
AVG3,10,0.3603492908105152,0.41725686314726584,8,etat_economie,far
AVG3,11,0.3162162023324151,0.39768383705562393,8,etat_economie,far
AVG3,12,0.20764424695511358,0.23289247621518133,23,sante,isolated
AVG3,13,0.1945394340540833,0.23412161678412993,15,sante,isolated
AVG3,14,0.4132428303077751,0.4578380862954341,53,economie_percue,isolated
AVG3,15,0.23243964124128969,0.2616251031317445,10,valeurs_sociales,isolated
AVG3,16,0.20275014656271959,0.15687546832447397,10,valeurs_sociales,isolated
AVG3,17,0.312045408002173,0.28606060481592654,17,economie_percue,isolated
AVG3,18,0.2351253196522635,0.22850790731299098,8,valeurs_sociales,isolated
AVG3,19,0.5479704454040875,0.8049959605977131,10,democratie_engagement,isolated
AVG3,22,0.1884261830532591,0.1407572126332842,8,democratie_engagement,isolated
AVG3,23,0.4448229131829485,0.6679224040635456,8,valeurs_sociales,isolated
AVG3,24,0.3947086672069073,0.5221134244031803,15,partis_vote,moderate
AVG3,26,0.3031298175504632,0.2665702427887127,50,sante,moderate
AVG3,27,0.2654546823257204,0.24842901648803806,43,etat_economie,moderate
AVG3,28,0.13737943509152323,0.07444197128337235,53,economie_percue,moderate
AVG3,29,0.22516174339450346,0.1728579516570922,47,valeurs_sociales,moderate
AVG3,30,0.38664874475457306,0.5617075711038333,8,partis_vote,moderate
AVG3,31,0.27003160749517313,0.3054701571480757,11,partis_vote,moderate
AVG3,32,0.1816085353942681,0.10821442512165409,8,etat_economie,moderate
AVG3,34,0.25595398616724907,0.20128795426268697,8,valeurs_sociales,moderate
AVG3,35,0.2863854660595633,0.316375970628205,8,partis_vote,moderate
AVG3,36,0.23868032004290124,0.2157665442673095,15,democratie_engagement,near
AVG3,37,0.2533862256544377,0.23118539496787555,34,democratie_engagement,near
AVG3,38,0.3199798620577658,0.3257032236516468,17,etat_economie,near
AVG3,39,0.2839978445609016,0.32757806292563507,29,democratie_engagement,near
AVG3,41,0.23327109935014564,0.23440043201538802,15,valeurs_sociales,near
AVG3,42,0.20537832802292816,0.210848447458104,11,identite_qc_federalisme,near
AVG3,44,0.48611050311233217,0.8122053512410876,8,partis_vote,near
AVG3,45,0.3299817741062745,0.334231168374277,8,identite_qc_federalisme,near
AVG3,46,0.3833766892183492,0.4967910585273075,8,partis_vote,near
AVG3,47,0.3486622813744632,0.4823254544331218,8,partis_vote,near
AVG3,49,0.16467739347470997,0.0979153327500816,61,economie_percue,quasi_duplicate
AVG3,50,0.21973811147043656,0.17965558403971033,40,economie_percue,quasi_duplicate
AVG3,51,0.1841985920282634,0.14875189662395724,43,democratie_engagement,quasi_duplicate
AVG3,52,0.20018982600503907,0.1574062606250556,10,identite_qc_federalisme,quasi_duplicate
AVG3,54,0.3294044153045121,0.3863954841571562,11,identite_qc_federalisme,quasi_duplicate
AVG3,55,0.18292341160927084,0.14412009640550946,11,sante,quasi_duplicate
AVG3,57,0.25420406025479675,0.24732140395100427,11,valeurs_sociales,quasi_duplicate
AVG3,58,0.244947950445612,0.22144209412492674,11,etat_economie,quasi_duplicate
AVG3,59,0.30618429561609767,0.26925159220568196,12,identite_qc_federalisme,quasi_duplicate
AVG4,0,0.23227553974186402,0.19142004226435788,23,sante,far
AVG4,2,0.20111903692141325,0.17582698500983732,15,democratie_engagement,far
AVG4,3,0.21297161801409698,0.19253530558882423,15,democratie_engagement,far
AVG4,5,0.1880774084213281,0.177428504754131,16,democratie_engagement,far
AVG4,6,0.519308183289068,0.7731733757721363,8,partis_vote,far
AVG4,8,0.25750336857440315,0.23368911611862203,8,partis_vote,far
AVG4,9,0.2185521410372905,0.20235656450478617,8,sante,far
AVG4,10,0.35020419924541896,0.4130618446488231,8,etat_economie,far
AVG4,11,0.310596451700956,0.38312824042414717,8,etat_economie,far
AVG4,12,0.20913539280277466,0.22386716975132406,23,sante,isolated
AVG4,13,0.18172614981488755,0.16186242837001366,15,sante,isolated
AVG4,14,0.3491989945116652,0.35770899225913455,53,economie_percue,isolated
AVG4,15,0.2051142101738924,0.22863827463760286,10,valeurs_sociales,isolated
AVG4,16,0.18731338813376752,0.13121523795627418,10,valeurs_sociales,isolated
AVG4,17,0.3171416227220764,0.2906549936347327,17,economie_percue,isolated
AVG4,18,0.2295737417663717,0.22936965310751914,8,valeurs_sociales,isolated
AVG4,19,0.5144016696889201,0.7416201086834143,10,democratie_engagement,isolated
AVG4,22,0.1819990792143525,0.13603280418034533,8,democratie_engagement,isolated
AVG4,23,0.4325364311878532,0.6220087257224091,8,valeurs_sociales,isolated
AVG4,24,0.3959762347149883,0.5227798552221116,15,partis_vote,moderate
AVG4,26,0.28444604903684,0.23889532449904408,50,sante,moderate
AVG4,27,0.25739194514992575,0.23622820120552135,43,etat_economie,moderate
AVG4,28,0.13488988603434143,0.07201598242869828,53,economie_percue,moderate
AVG4,29,0.23061435762523178,0.17725444431779408,47,valeurs_sociales,moderate
AVG4,30,0.34941898709211855,0.4520081930977427,8,partis_vote,moderate
AVG4,31,0.24881907711939535,0.26888265770809155,11,partis_vote,moderate
AVG4,32,0.17051651273645582,0.09855019954512974,8,etat_economie,moderate
AVG4,34,0.25330912756636964,0.1999933441642741,8,valeurs_sociales,moderate
AVG4,35,0.2817828189134459,0.30154681083760826,8,partis_vote,moderate
AVG4,36,0.2405754125578619,0.2276690424224764,15,democratie_engagement,near
AVG4,37,0.2260377084009,0.19137540924333113,34,democratie_engagement,near
AVG4,38,0.30275046810599415,0.297675630414579,17,etat_economie,near
AVG4,39,0.2736384837990145,0.3164905478117163,29,democratie_engagement,near
AVG4,41,0.244342433285781,0.24685237058691994,15,valeurs_sociales,near
AVG4,42,0.1889811210036344,0.16739267666871907,11,identite_qc_federalisme,near
AVG4,44,0.4617497756996938,0.6808760394013504,8,partis_vote,near
AVG4,45,0.32234532694383405,0.3189100970909274,8,identite_qc_federalisme,near
AVG4,46,0.35431078716929276,0.4299703738790059,8,partis_vote,near
AVG4,47,0.34175948132197126,0.4544905978759448,8,partis_vote,near
AVG4,49,0.15278949975051626,0.08574876416224655,61,economie_percue,quasi_duplicate
AVG4,50,0.21754572526579702,0.17276437313779092,40,economie_percue,quasi_duplicate
AVG4,51,0.1850341966258153,0.14762083052756,43,democratie_engagement,quasi_duplicate
AVG4,52,0.19389027487353533,0.1514774908091922,10,identite_qc_federalisme,quasi_duplicate
AVG4,54,0.31650002286364515,0.35312663560388374,11,identite_qc_federalisme,quasi_duplicate
AVG4,55,0.17666008081148307,0.12893476095229883,11,sante,quasi_duplicate
AVG4,57,0.2591409832468469,0.24851291963146638,11,valeurs_sociales,quasi_duplicate
AVG4,58,0.25810457217171934,0.24036029502706643,11,etat_economie,quasi_duplicate
AVG4,59,0.29196140404983256,0.24953426161917314,12,identite_qc_federalisme,quasi_duplicate
AVG4_REG,0,0.22864947113576123,0.18756271477672312,23,sante,far
AVG4_REG,2,0.19883866428957137,0.17261319464933392,15,democratie_engagement,far
AVG4_REG,3,0.21510713899560666,0.19461115484008631,15,democratie_engagement,far
AVG4_REG,5,0.1864401643904863,0.1722939635829444,16,democratie_engagement,far
AVG4_REG,6,0.519308183289068,0.7754553089514307,8,partis_vote,far
AVG4_REG,8,0.25952463895760497,0.23697179606063273,8,partis_vote,far
AVG4_REG,9,0.2162494758468393,0.20108399002388808,8,sante,far
AVG4_REG,10,0.34993678925768573,0.40924582207399857,8,etat_economie,far
AVG4_REG,11,0.30662987570297273,0.3797980031489951,8,etat_economie,far
AVG4_REG,12,0.21259907832644212,0.23010320609426446,23,sante,isolated
AVG4_REG,13,0.18166998212155275,0.1590620433059498,15,sante,isolated
AVG4_REG,14,0.3495511842623493,0.35869050384687684,53,economie_percue,isolated
AVG4_REG,15,0.21266871621950362,0.2288300423668032,10,valeurs_sociales,isolated
AVG4_REG,16,0.19259182440499997,0.132138688271606,10,valeurs_sociales,isolated
AVG4_REG,17,0.31338457400384157,0.2843613335039233,17,economie_percue,isolated
AVG4_REG,18,0.2325150915362998,0.2286257507603092,8,valeurs_sociales,isolated
AVG4_REG,19,0.5117657301904452,0.7359273747615789,10,democratie_engagement,isolated
AVG4_REG,22,0.17956914584400824,0.1323227067027793,8,democratie_engagement,isolated
AVG4_REG,23,0.430425616052311,0.6162570426889423,8,valeurs_sociales,isolated
AVG4_REG,24,0.39262855576231964,0.5172839099813482,15,partis_vote,moderate
AVG4_REG,26,0.28635874045569887,0.24355468659165078,50,sante,moderate
AVG4_REG,27,0.2588689130666066,0.241903706547304,43,etat_economie,moderate
AVG4_REG,28,0.14194876806250872,0.0782781316146609,53,economie_percue,moderate
AVG4_REG,29,0.22881156187772209,0.17625114961503263,47,valeurs_sociales,moderate
AVG4_REG,30,0.35184151996694446,0.460682325055006,8,partis_vote,moderate
AVG4_REG,31,0.25007789536621944,0.26998144907599414,11,partis_vote,moderate
AVG4_REG,32,0.17028844101433968,0.09915925248135765,8,etat_economie,moderate
AVG4_REG,34,0.2482596140584641,0.19150999896685866,8,valeurs_sociales,moderate
AVG4_REG,35,0.2728454800846042,0.2930140855496502,8,partis_vote,moderate
AVG4_REG,36,0.24257847899285878,0.2274533890523089,15,democratie_engagement,near
AVG4_REG,37,0.2282171038575324,0.19387822248264702,34,democratie_engagement,near
AVG4_REG,38,0.30160496103622575,0.30162450908936267,17,etat_economie,near
AVG4_REG,39,0.26373260386438757,0.30591006787651565,29,democratie_engagement,near
AVG4_REG,41,0.24341201637852114,0.2430108843895948,15,valeurs_sociales,near
AVG4_REG,42,0.1857806240237312,0.16555196494111318,11,identite_qc_federalisme,near
AVG4_REG,44,0.45808550161632083,0.6515966472179289,8,partis_vote,near
AVG4_REG,45,0.3163064088045892,0.3053474693997886,8,identite_qc_federalisme,near
AVG4_REG,46,0.35802720541283145,0.43712807133612397,8,partis_vote,near
AVG4_REG,47,0.3378215577526942,0.4512348199391717,8,partis_vote,near
AVG4_REG,49,0.155939815284932,0.09084948702389044,61,economie_percue,quasi_duplicate
AVG4_REG,50,0.22190021713180408,0.17829956860052412,40,economie_percue,quasi_duplicate
AVG4_REG,51,0.18698634328756125,0.150832897127079,43,democratie_engagement,quasi_duplicate
AVG4_REG,52,0.1973782783203366,0.15453517882806012,10,identite_qc_federalisme,quasi_duplicate
AVG4_REG,54,0.3179839555587285,0.3557984177880522,11,identite_qc_federalisme,quasi_duplicate
AVG4_REG,55,0.1775876793900565,0.13308644720034674,11,sante,quasi_duplicate
AVG4_REG,57,0.2593775459118442,0.24583064255709305,11,valeurs_sociales,quasi_duplicate
AVG4_REG,58,0.25755911655259656,0.24375908435538432,11,etat_economie,quasi_duplicate
AVG4_REG,59,0.29842262858507035,0.2580656434441036,12,identite_qc_federalisme,quasi_duplicate
A_REG,0,0.24939388884154973,0.22253495449857663,23,sante,far
A_REG,2,0.20434289797043473,0.169737650536903,15,democratie_engagement,far
A_REG,3,0.21484191207503692,0.19398760831791273,15,democratie_engagement,far
A_REG,5,0.21192538281766668,0.24087870122274072,16,democratie_engagement,far
A_REG,6,0.6263250008227151,1.2922890529430924,8,partis_vote,far
A_REG,8,0.29901434126929033,0.3651036265654988,8,partis_vote,far
A_REG,9,0.20675362004351147,0.21464033479522177,8,sante,far
A_REG,10,0.3098740513293121,0.3615129169831633,8,etat_economie,far
A_REG,11,0.33138904721078594,0.40555032275413627,8,etat_economie,far
A_REG,12,0.20376855307046132,0.25993836134282744,23,sante,isolated
A_REG,13,0.22745419948035014,0.3387248753708051,15,sante,isolated
A_REG,14,0.47074441717189885,0.5600791169918996,53,economie_percue,isolated
A_REG,15,0.22792266156363317,0.2259112608615353,10,valeurs_sociales,isolated
A_REG,16,0.21036998392498857,0.162076704407424,10,valeurs_sociales,isolated
A_REG,17,0.30306694749399393,0.27363994772713546,17,economie_percue,isolated
A_REG,18,0.26803738636622315,0.25344697060317645,8,valeurs_sociales,isolated
A_REG,19,0.5985149641335364,0.9888386779534375,10,democratie_engagement,isolated
A_REG,22,0.24947435254438396,0.21379517179305343,8,democratie_engagement,isolated
A_REG,23,0.475377325397646,0.7534483299373967,8,valeurs_sociales,isolated
A_REG,24,0.3936111522069788,0.5259718348525444,15,partis_vote,moderate
A_REG,26,0.33843855764039676,0.31273719176260245,50,sante,moderate
A_REG,27,0.29673981442090724,0.3072884937881114,43,etat_economie,moderate
A_REG,28,0.1735835618550256,0.10728419855216283,53,economie_percue,moderate
A_REG,29,0.20786322553793624,0.15609801852387742,47,valeurs_sociales,moderate
A_REG,30,0.4221750463146619,0.6709246160410974,8,partis_vote,moderate
A_REG,31,0.3785459095818666,0.6975634760284378,11,partis_vote,moderate
A_REG,32,0.17109915140415322,0.10944012101624935,8,etat_economie,moderate
A_REG,34,0.17769131003875616,0.15194168117706544,8,valeurs_sociales,moderate
A_REG,35,0.34414055207307936,0.43569936964880224,8,partis_vote,moderate
A_REG,36,0.23561596116030953,0.20122480489593011,15,democratie_engagement,near
A_REG,37,0.2347391264436779,0.216896711174519,34,democratie_engagement,near
A_REG,38,0.39949113568735234,0.5399208419638221,17,etat_economie,near
A_REG,39,0.31688176039212634,0.36011355651909005,29,democratie_engagement,near
A_REG,41,0.2247194591795792,0.258132881547406,15,valeurs_sociales,near
A_REG,42,0.2509606332638803,0.33319037033729865,11,identite_qc_federalisme,near
A_REG,44,0.5505556133828599,1.2059703085964142,8,partis_vote,near
A_REG,45,0.2751689746653217,0.2544654349358224,8,identite_qc_federalisme,near
A_REG,46,0.3898655454604578,0.5090049466305464,8,partis_vote,near
A_REG,47,0.347590704714429,0.4989481310809878,8,partis_vote,near
A_REG,49,0.22004541005435263,0.16079617204455712,61,economie_percue,quasi_duplicate
A_REG,50,0.232492625988682,0.19406446429156796,40,economie_percue,quasi_duplicate
A_REG,51,0.18605807898055182,0.15541056444239562,43,democratie_engagement,quasi_duplicate
A_REG,52,0.20783488381533885,0.16595914128672834,10,identite_qc_federalisme,quasi_duplicate
A_REG,54,0.3680433979693088,0.5156589536047393,11,identite_qc_federalisme,quasi_duplicate
A_REG,55,0.19687921914979062,0.14213142826355982,11,sante,quasi_duplicate
A_REG,57,0.2519468219551397,0.24099016790321687,11,valeurs_sociales,quasi_duplicate
A_REG,58,0.2642600682300272,0.25029270367365536,11,etat_economie,quasi_duplicate
A_REG,59,0.5108472491711596,0.7748287793949332,12,identite_qc_federalisme,quasi_duplicate
B020,0,0.24250338019792372,0.19877005369094344,23,sante,far
B020,2,0.23735951877369757,0.2182171140784777,15,democratie_engagement,far
B020,3,0.24552982044571622,0.2366501102961936,15,democratie_engagement,far
B020,5,0.19461579369200718,0.18169436807102235,16,democratie_engagement,far
B020,6,0.44482680225323173,0.5775284696880628,8,partis_vote,far
B020,8,0.32891414313518286,0.36838136298936913,8,partis_vote,far
B020,9,0.24945078852637861,0.24555788334333567,8,sante,far
B020,10,0.400812615498753,0.5032569762067578,8,etat_economie,far
B020,11,0.32719725311408104,0.4778893361073253,8,etat_economie,far
B020,12,0.24245155793999465,0.3144277016748795,23,sante,isolated
B020,13,0.20019633422164837,0.21695361969826352,15,sante,isolated
B020,14,0.4194690080270823,0.46923653532382503,53,economie_percue,isolated
B020,15,0.29094054337344255,0.3902941229598468,10,valeurs_sociales,isolated
B020,16,0.23067869023474213,0.19425363193888717,10,valeurs_sociales,isolated
B020,17,0.3383403647841062,0.334635672056038,17,economie_percue,isolated
B020,18,0.22112415840758007,0.2154006137458926,8,valeurs_sociales,isolated
B020,19,0.5234999347144539,0.7648015476565433,10,democratie_engagement,isolated
B020,22,0.16767546506744213,0.1293154573871769,8,democratie_engagement,isolated
B020,23,0.44035791167144334,0.6474459084567414,8,valeurs_sociales,isolated
B020,24,0.4178241598096541,0.6621799981760313,15,partis_vote,moderate
B020,26,0.23775053967072624,0.22764020955596195,50,sante,moderate
B020,27,0.2832445864083555,0.2814949110790663,43,etat_economie,moderate
B020,28,0.19866938813306037,0.13834542707067646,53,economie_percue,moderate
B020,29,0.2897221609159257,0.2643123977298235,47,valeurs_sociales,moderate
B020,30,0.4123612728366035,0.6280694979518342,8,partis_vote,moderate
B020,31,0.21973453289816636,0.20880459663169873,11,partis_vote,moderate
B020,32,0.1855747901845348,0.12358598953680282,8,etat_economie,moderate
B020,34,0.30544474855027437,0.2766595993774399,8,valeurs_sociales,moderate
B020,35,0.2927103472920288,0.3239153430940444,8,partis_vote,moderate
B020,36,0.316893565913927,0.36408697501983384,15,democratie_engagement,near
B020,37,0.35509607115955283,0.4294108479802203,34,democratie_engagement,near
B020,38,0.2542140837506262,0.22644387994161655,17,etat_economie,near
B020,39,0.31258947307885865,0.37441268592281013,29,democratie_engagement,near
B020,41,0.26223884187093466,0.28332129647514265,15,valeurs_sociales,near
B020,42,0.27399650683700294,0.36891289405761735,11,identite_qc_federalisme,near
B020,44,0.49690564213676486,0.8504191245334972,8,partis_vote,near
B020,45,0.34023980193905534,0.3633969395873497,8,identite_qc_federalisme,near
B020,46,0.37938031189918714,0.500843151777433,8,partis_vote,near
B020,47,0.3635573668006116,0.5564210052269029,8,partis_vote,near
B020,49,0.1654461339207942,0.10515224269294372,61,economie_percue,quasi_duplicate
B020,50,0.2534368814022759,0.23247649090296907,40,economie_percue,quasi_duplicate
B020,51,0.19743868606558218,0.1678548354207907,43,democratie_engagement,quasi_duplicate
B020,52,0.18819834778583172,0.13786803369560052,10,identite_qc_federalisme,quasi_duplicate
B020,54,0.2841437260060108,0.292073338558446,11,identite_qc_federalisme,quasi_duplicate
B020,55,0.218778428261883,0.19540323093972994,11,sante,quasi_duplicate
B020,57,0.23717654343132477,0.22825817335705983,11,valeurs_sociales,quasi_duplicate
B020,58,0.24665748244434174,0.23577785591398978,11,etat_economie,quasi_duplicate
B020,59,0.1943663409758786,0.1532706567104251,12,identite_qc_federalisme,quasi_duplicate
BR20,0,0.23215067946181123,0.20163481182127918,23,sante,far
BR20,2,0.1735920045149557,0.16636402233792463,15,democratie_engagement,far
BR20,3,0.20773327800780667,0.18568541059450797,15,democratie_engagement,far
BR20,5,0.17789835526647765,0.16327793429805026,16,democratie_engagement,far
BR20,6,0.4411577588648877,0.566172169961312,8,partis_vote,far
BR20,8,0.23838339518199778,0.19680094732543688,8,partis_vote,far
BR20,9,0.24695878405907334,0.23926804975866978,8,sante,far
BR20,10,0.3295856203276413,0.46004696818854307,8,etat_economie,far
BR20,11,0.31571615128134756,0.38273451003825054,8,etat_economie,far
BR20,12,0.24363960472683055,0.26090800725937285,23,sante,isolated
BR20,13,0.1769264244302544,0.10660997170689929,15,sante,isolated
BR20,14,0.16117588261394963,0.14446333649951704,53,economie_percue,isolated
BR20,15,0.23657332642743784,0.23791723363870565,10,valeurs_sociales,isolated
BR20,16,0.20363784190396897,0.1455721966482949,10,valeurs_sociales,isolated
BR20,17,0.3403799634958206,0.34370539419527124,17,economie_percue,isolated
BR20,18,0.22591845727059523,0.2546698565406167,8,valeurs_sociales,isolated
BR20,19,0.45600799409091797,0.7282052103229164,10,democratie_engagement,isolated
BR20,22,0.16865682101472973,0.1319044338854301,8,democratie_engagement,isolated
BR20,23,0.4046990998881486,0.5598232623503987,8,valeurs_sociales,isolated
BR20,24,0.41946329073734245,0.6276770393666403,15,partis_vote,moderate
BR20,26,0.23490036582661855,0.19549746673190593,50,sante,moderate
BR20,27,0.24459835867594987,0.22373655024909073,43,etat_economie,moderate
BR20,28,0.14279950088646318,0.0751010765530103,53,economie_percue,moderate
BR20,29,0.2742321845660744,0.24768644812860616,47,valeurs_sociales,moderate
BR20,30,0.2508632109715903,0.2798612919527972,8,partis_vote,moderate
BR20,31,0.27148311214285237,0.3480313429633288,11,partis_vote,moderate
BR20,32,0.1530862416047497,0.08932301972646398,8,etat_economie,moderate
BR20,34,0.2563104143280028,0.22312719808689524,8,valeurs_sociales,moderate
BR20,35,0.3067224152936043,0.32992084315754555,8,partis_vote,moderate
BR20,36,0.2570467250053732,0.3042980990926922,15,democratie_engagement,near
BR20,37,0.19336740758909982,0.15408632444097992,34,democratie_engagement,near
BR20,38,0.2632891211421025,0.24416194460148077,17,etat_economie,near
BR20,39,0.3150562831137212,0.38691546654997133,29,democratie_engagement,near
BR20,41,0.3014201782983518,0.3678604868632506,15,valeurs_sociales,near
BR20,42,0.19437871796927428,0.15533010048137277,11,identite_qc_federalisme,near
BR20,44,0.3904347876708402,0.5138166029025292,8,partis_vote,near
BR20,45,0.3341671317634281,0.34233476430041365,8,identite_qc_federalisme,near
BR20,46,0.28846390139539463,0.3874924285859316,8,partis_vote,near
BR20,47,0.3374386696828603,0.43453722613768664,8,partis_vote,near
BR20,49,0.1336635038963258,0.07934306252990515,61,economie_percue,quasi_duplicate
BR20,50,0.24202943455829024,0.20237395878055287,40,economie_percue,quasi_duplicate
BR20,51,0.1952790069861756,0.1644714639475663,43,democratie_engagement,quasi_duplicate
BR20,52,0.18567313624954213,0.14152554925795044,10,identite_qc_federalisme,quasi_duplicate
BR20,54,0.2980435915085712,0.3072740685676813,11,identite_qc_federalisme,quasi_duplicate
BR20,55,0.18227890316328804,0.13509563362318863,11,sante,quasi_duplicate
BR20,57,0.27552341253610296,0.2715666337853502,11,valeurs_sociales,quasi_duplicate
BR20,58,0.30949869710387135,0.3331245280903119,11,etat_economie,quasi_duplicate
BR20,59,0.24940196676480017,0.21808920989247185,12,identite_qc_federalisme,quasi_duplicate
