contrast,n_items,mean_tv_difference,tv_ci_low,tv_ci_high,mean_kl_difference
A20 - A,48,-0.0195321196958675,-0.03545233428210828,-0.004815703154124899,-0.06729553544983984
B020 - A,48,-0.01428161591860514,-0.037735169440410846,0.0065181787853323125,-0.05624520866773682
BR20 - A,48,-0.04444890200609195,-0.06662722957273136,-0.023084395920197346,-0.11095559528374455
AVG3 - A,48,-0.024616373211708332,-0.03708388951469144,-0.013008594123023045,-0.08091303964818726
AVG4 - A,48,-0.03544210478443847,-0.050220106046366376,-0.022376400541220844,-0.10503657568872098
A_REG - A,48,-0.003307844297629217,-0.005448238412685182,-0.001261535635933748,-0.013254337099054778
AVG4_REG - A,48,-0.03556657363013183,-0.05021365122814425,-0.022453698903659672,-0.10591511212082687
BR20 - B020,48,-0.03016728608748682,-0.04631462715813395,-0.01494871778759441,-0.05471038661600774
BR20 - AVG4,48,-0.009006797221653491,-0.020688676515573788,0.0018006425716436344,-0.005919019595023555
AVG4_REG - AVG4,48,-0.00012446884569335877,-0.0012121445384646306,0.00088010385528561,-0.0008785364321058555
